year,week,total_specimens,n_a_2009_h1n1,n_a_h1,n_a_h3,n_a_subtyping_not_performed,n_a_unable_to_subtype,n_b,n_h3n2v,n_b_vic,n_b_yam,n_total_a,n_total_b
1997,40,1291,0,0,0,0,0,0,0,NA,NA,0,0
1997,41,1513,0,0,0,11,0,0,0,NA,NA,11,0
1997,42,1552,0,0,3,13,0,1,0,NA,NA,16,1
1997,43,1669,0,0,0,7,0,0,0,NA,NA,7,0
1997,44,1897,0,0,9,1,0,0,0,NA,NA,10,0
1997,45,2106,0,0,0,6,0,0,0,NA,NA,6,0
1997,46,2204,0,0,3,4,0,1,0,NA,NA,7,1
1997,47,2533,0,0,5,17,0,1,0,NA,NA,22,1
1997,48,2242,0,0,14,22,0,1,0,NA,NA,36,1
1997,49,2607,0,0,11,28,0,1,0,NA,NA,39,1
1997,50,3086,0,0,37,59,0,2,0,NA,NA,96,2
1997,51,3410,0,0,84,159,0,0,0,NA,NA,243,0
1997,52,3349,0,0,111,311,0,0,0,NA,NA,422,0
1997,53,4402,0,1,161,627,0,1,0,NA,NA,789,1
1998,1,5294,0,0,211,808,0,3,0,NA,NA,1019,3
1998,2,5501,0,3,281,863,0,4,0,NA,NA,1147,4
1998,3,6196,0,1,453,1132,0,1,0,NA,NA,1586,1
1998,4,6730,0,0,589,1299,0,1,0,NA,NA,1888,1
1998,5,6288,0,0,413,1266,0,1,0,NA,NA,1679,1
1998,6,5867,0,1,363,1061,0,5,0,NA,NA,1425,5
1998,7,4904,0,0,226,757,0,4,0,NA,NA,983,4
1998,8,3975,0,0,93,469,0,4,0,NA,NA,562,4
1998,9,3169,0,0,63,241,0,3,0,NA,NA,304,3
1998,10,2658,0,0,47,149,0,6,0,NA,NA,196,6
1998,11,2234,0,0,30,86,0,5,0,NA,NA,116,5
1998,12,2048,0,0,12,66,0,6,0,NA,NA,78,6
1998,13,1683,0,0,11,29,0,7,0,NA,NA,40,7
1998,14,1532,0,0,6,22,0,6,0,NA,NA,28,6
1998,15,1357,0,0,0,27,0,12,0,NA,NA,27,12
1998,16,1421,0,0,1,16,0,4,0,NA,NA,17,4
1998,17,1236,0,0,1,9,0,6,0,NA,NA,10,6
1998,18,1142,0,0,3,8,0,5,0,NA,NA,11,5
1998,19,1038,0,0,0,5,0,4,0,NA,NA,5,4
1998,20,938,0,0,0,2,0,7,0,NA,NA,2,7
1998,21,0,0,0,0,0,0,0,0,NA,NA,0,0
1998,22,0,0,0,0,0,0,0,0,NA,NA,0,0
1998,23,0,0,0,0,0,0,0,0,NA,NA,0,0
1998,24,0,0,0,0,0,0,0,0,NA,NA,0,0
1998,25,0,0,0,0,0,0,0,0,NA,NA,0,0
1998,26,0,0,0,0,0,0,0,0,NA,NA,0,0
1998,27,0,0,0,0,0,0,0,0,NA,NA,0,0
1998,28,0,0,0,0,0,0,0,0,NA,NA,0,0
1998,29,0,0,0,0,0,0,0,0,NA,NA,0,0
1998,30,0,0,0,0,0,0,0,0,NA,NA,0,0
1998,31,0,0,0,0,0,0,0,0,NA,NA,0,0
1998,32,0,0,0,0,0,0,0,0,NA,NA,0,0
1998,33,0,0,0,0,0,0,0,0,NA,NA,0,0
1998,34,0,0,0,0,0,0,0,0,NA,NA,0,0
1998,35,0,0,0,0,0,0,0,0,NA,NA,0,0
1998,36,0,0,0,0,0,0,0,0,NA,NA,0,0
1998,37,0,0,0,0,0,0,0,0,NA,NA,0,0
1998,38,0,0,0,0,0,0,0,0,NA,NA,0,0
1998,39,0,0,0,0,0,0,0,0,NA,NA,0,0
1998,40,1407,0,0,2,0,0,0,0,NA,NA,2,0
1998,41,1453,0,0,4,1,0,0,0,NA,NA,5,0
1998,42,1654,0,1,0,2,0,0,0,NA,NA,3,0
1998,43,1814,0,0,1,0,0,5,0,NA,NA,1,5
1998,44,2051,0,0,12,6,0,0,0,NA,NA,18,0
1998,45,2222,0,0,5,5,0,4,0,NA,NA,10,4
1998,46,2051,0,0,4,0,0,4,0,NA,NA,4,4
1998,47,1809,0,0,5,4,0,8,0,NA,NA,9,8
1998,48,2397,0,0,11,6,0,11,0,NA,NA,17,11
1998,49,2432,0,0,9,15,0,21,0,NA,NA,24,21
1998,50,2428,0,1,12,15,0,14,0,NA,NA,28,14
1998,51,2207,0,0,21,35,0,27,0,NA,NA,56,27
1998,52,2706,0,1,47,81,0,31,0,NA,NA,129,31
1999,1,3524,0,0,72,183,0,76,0,NA,NA,255,76
1999,2,3889,0,1,151,311,0,111,0,NA,NA,463,111
1999,3,4262,0,1,193,518,0,153,0,NA,NA,712,153
1999,4,5210,0,1,222,658,0,269,0,NA,NA,881,269
1999,5,6143,0,1,351,926,0,400,0,NA,NA,1278,400
1999,6,6574,0,2,317,1134,0,407,0,NA,NA,1453,407
1999,7,6723,0,9,262,1065,0,379,0,NA,NA,1336,379
1999,8,6616,0,1,250,1052,0,366,0,NA,NA,1303,366
1999,9,5933,0,1,184,868,0,334,0,NA,NA,1053,334
1999,10,4289,0,2,137,528,0,216,0,NA,NA,667,216
1999,11,4014,0,5,100,346,0,176,0,NA,NA,451,176
1999,12,3242,0,1,78,264,0,121,0,NA,NA,343,121
1999,13,2712,0,0,42,121,0,61,0,NA,NA,163,61
1999,14,2222,0,1,27,110,0,38,0,NA,NA,138,38
1999,15,1721,0,1,15,75,0,20,0,NA,NA,91,20
1999,16,1368,0,0,11,17,0,8,0,NA,NA,28,8
1999,17,1108,0,0,5,20,0,3,0,NA,NA,25,3
1999,18,982,0,0,3,10,0,4,0,NA,NA,13,4
1999,19,801,0,0,0,5,0,4,0,NA,NA,5,4
1999,20,618,0,0,0,6,0,1,0,NA,NA,6,1
1999,21,239,0,0,0,7,0,0,0,NA,NA,7,0
1999,22,97,0,0,0,1,0,0,0,NA,NA,1,0
1999,23,20,0,0,0,0,0,0,0,NA,NA,0,0
1999,24,0,0,0,0,0,0,0,0,NA,NA,0,0
1999,25,0,0,0,0,0,0,0,0,NA,NA,0,0
1999,26,0,0,0,0,0,0,0,0,NA,NA,0,0
1999,27,0,0,0,0,0,0,0,0,NA,NA,0,0
1999,28,0,0,0,0,0,0,0,0,NA,NA,0,0
1999,29,0,0,0,0,0,0,0,0,NA,NA,0,0
1999,30,0,0,0,0,0,0,0,0,NA,NA,0,0
1999,31,0,0,0,0,0,0,0,0,NA,NA,0,0
1999,32,0,0,0,0,0,0,0,0,NA,NA,0,0
1999,33,0,0,0,0,0,0,0,0,NA,NA,0,0
1999,34,0,0,0,0,0,0,0,0,NA,NA,0,0
1999,35,0,0,0,0,0,0,0,0,NA,NA,0,0
1999,36,0,0,0,0,0,0,0,0,NA,NA,0,0
1999,37,0,0,0,0,0,0,0,0,NA,NA,0,0
1999,38,0,0,0,0,0,0,0,0,NA,NA,0,0
1999,39,0,0,0,0,0,0,0,0,NA,NA,0,0
1999,40,1687,0,0,11,7,0,0,0,NA,NA,18,0
1999,41,1883,0,0,10,9,0,1,0,NA,NA,19,1
1999,42,2097,0,0,18,26,0,3,0,NA,NA,44,3
1999,43,2162,0,0,31,26,0,0,0,NA,NA,57,0
1999,44,2454,0,0,60,34,0,2,0,NA,NA,94,2
1999,45,2576,0,0,82,66,0,0,0,NA,NA,148,0
1999,46,2862,0,0,137,94,0,0,0,NA,NA,231,0
1999,47,2709,0,0,131,154,0,1,0,NA,NA,285,1
1999,48,3845,0,0,207,320,0,0,0,NA,NA,527,0
1999,49,4422,0,2,189,653,0,1,0,NA,NA,844,1
1999,50,5597,0,1,284,1017,0,4,0,NA,NA,1302,4
1999,51,5575,0,2,341,1382,0,1,0,NA,NA,1725,1
1999,52,7323,0,3,376,1768,0,4,0,NA,NA,2147,4
2000,1,8423,0,2,378,1722,0,1,0,NA,NA,2102,1
2000,2,7722,0,0,464,1179,0,2,0,NA,NA,1643,2
2000,3,6242,0,2,302,737,0,3,0,NA,NA,1041,3
2000,4,5482,0,3,244,443,0,5,0,NA,NA,690,5
2000,5,4550,0,10,153,321,0,1,0,NA,NA,484,1
2000,6,4059,0,7,126,275,0,4,0,NA,NA,408,4
2000,7,3523,0,10,69,178,0,6,0,NA,NA,257,6
2000,8,3142,0,18,41,132,0,9,0,NA,NA,191,9
2000,9,2698,0,9,26,60,0,5,0,NA,NA,95,5
2000,10,2195,0,22,18,29,0,6,0,NA,NA,69,6
2000,11,1960,0,19,7,22,0,5,0,NA,NA,48,5
2000,12,1879,0,13,1,16,0,3,0,NA,NA,30,3
2000,13,1708,0,7,3,8,0,3,0,NA,NA,18,3
2000,14,1506,0,6,1,8,0,4,0,NA,NA,15,4
2000,15,1294,0,9,0,8,0,5,0,NA,NA,17,5
2000,16,1212,0,3,5,10,0,5,0,NA,NA,18,5
2000,17,1108,0,3,0,9,0,4,0,NA,NA,12,4
2000,18,1061,0,2,0,2,0,6,0,NA,NA,4,6
2000,19,947,0,0,0,1,0,1,0,NA,NA,1,1
2000,20,865,0,0,0,0,0,2,0,NA,NA,0,2
2000,21,772,0,2,0,2,0,2,0,NA,NA,4,2
2000,22,620,0,1,0,2,0,0,0,NA,NA,3,0
2000,23,666,0,0,0,1,0,2,0,NA,NA,1,2
2000,24,680,0,0,0,0,0,1,0,NA,NA,0,1
2000,25,565,0,0,0,0,0,0,0,NA,NA,0,0
2000,26,551,0,0,0,0,0,1,0,NA,NA,0,1
2000,27,26,0,0,0,0,0,0,0,NA,NA,0,0
2000,28,41,0,0,0,0,0,0,0,NA,NA,0,0
2000,29,28,0,0,0,0,0,0,0,NA,NA,0,0
2000,30,5,0,0,0,0,0,0,0,NA,NA,0,0
2000,31,1,0,0,0,0,0,0,0,NA,NA,0,0
2000,32,0,0,0,0,0,0,0,0,NA,NA,0,0
2000,33,0,0,0,0,0,0,0,0,NA,NA,0,0
2000,34,0,0,0,0,0,0,0,0,NA,NA,0,0
2000,35,0,0,0,0,0,0,0,0,NA,NA,0,0
2000,36,0,0,0,0,0,0,0,0,NA,NA,0,0
2000,37,0,0,0,0,0,0,0,0,NA,NA,0,0
2000,38,0,0,0,0,0,0,0,0,NA,NA,0,0
2000,39,0,0,0,0,0,0,0,0,NA,NA,0,0
2000,40,1387,0,0,0,0,0,1,0,NA,NA,0,1
2000,41,1490,0,2,0,2,0,0,0,NA,NA,4,0
2000,42,1691,0,1,0,1,0,2,0,NA,NA,2,2
2000,43,1683,0,7,3,2,0,2,0,NA,NA,12,2
2000,44,1964,0,10,1,2,0,3,0,NA,NA,13,3
2000,45,1862,0,24,1,5,0,7,0,NA,NA,30,7
2000,46,2183,0,17,1,12,0,13,0,NA,NA,30,13
2000,47,2201,0,20,2,31,0,24,0,NA,NA,53,24
2000,48,2505,0,31,1,30,0,36,0,NA,NA,62,36
2000,49,2841,0,51,3,66,0,41,0,NA,NA,120,41
2000,50,3275,0,61,3,107,0,55,0,NA,NA,171,55
2000,51,3370,0,114,2,175,0,103,0,NA,NA,291,103
2000,52,3310,0,118,0,209,0,132,0,NA,NA,327,132
2001,1,3821,0,147,5,192,0,167,0,NA,NA,344,167
2001,2,4563,0,203,5,329,0,275,0,NA,NA,537,275
2001,3,5121,0,257,2,500,0,373,0,NA,NA,759,373
2001,4,5729,0,286,5,550,0,489,0,NA,NA,841,489
2001,5,5914,0,258,1,455,0,524,0,NA,NA,714,524
2001,6,5619,0,186,3,291,0,587,0,NA,NA,480,587
2001,7,4920,0,101,4,184,0,470,0,NA,NA,289,470
2001,8,4571,0,74,5,121,0,437,0,NA,NA,200,437
2001,9,4321,0,41,7,70,0,377,0,NA,NA,118,377
2001,10,3793,0,36,1,39,0,197,0,NA,NA,76,197
2001,11,3368,0,24,2,21,0,152,0,NA,NA,47,152
2001,12,3132,0,6,3,19,0,153,0,NA,NA,28,153
2001,13,2788,0,16,1,9,0,96,0,NA,NA,26,96
2001,14,2386,0,5,0,5,0,68,0,NA,NA,10,68
2001,15,2020,0,0,1,7,0,37,0,NA,NA,8,37
2001,16,1825,0,2,0,1,0,44,0,NA,NA,3,44
2001,17,1640,0,0,0,0,0,21,0,NA,NA,0,21
2001,18,1528,0,0,0,1,0,8,0,NA,NA,1,8
2001,19,1359,0,0,0,1,0,6,0,NA,NA,1,6
2001,20,1317,0,0,0,0,0,9,0,NA,NA,0,9
2001,21,1125,0,0,0,1,0,0,0,NA,NA,1,0
2001,22,977,0,0,0,2,0,0,0,NA,NA,2,0
2001,23,523,0,1,0,0,0,0,0,NA,NA,1,0
2001,24,38,0,0,0,1,0,0,0,NA,NA,1,0
2001,25,50,0,0,0,0,0,0,0,NA,NA,0,0
2001,26,52,0,0,0,0,0,0,0,NA,NA,0,0
2001,27,23,0,0,0,0,0,0,0,NA,NA,0,0
2001,28,37,0,0,0,0,0,0,0,NA,NA,0,0
2001,29,22,0,0,0,0,0,0,0,NA,NA,0,0
2001,30,26,0,0,0,0,0,0,0,NA,NA,0,0
2001,31,24,0,0,0,0,0,0,0,NA,NA,0,0
2001,32,24,0,0,0,0,0,0,0,NA,NA,0,0
2001,33,43,0,0,0,0,0,0,0,NA,NA,0,0
2001,34,34,0,0,0,0,0,0,0,NA,NA,0,0
2001,35,16,0,0,0,0,0,0,0,NA,NA,0,0
2001,36,19,0,0,0,0,0,0,0,NA,NA,0,0
2001,37,9,0,0,0,0,0,0,0,NA,NA,0,0
2001,38,7,0,0,0,0,0,0,0,NA,NA,0,0
2001,39,0,0,0,0,0,0,0,0,NA,NA,0,0
2001,40,1154,0,0,4,3,0,1,0,NA,NA,7,1
2001,41,1415,0,0,2,3,0,0,0,NA,NA,5,0
2001,42,1468,0,0,3,5,0,0,0,NA,NA,8,0
2001,43,1583,0,0,9,8,0,0,0,NA,NA,17,0
2001,44,1704,0,1,6,6,0,0,0,NA,NA,13,0
2001,45,1843,0,0,12,1,0,0,0,NA,NA,13,0
2001,46,2096,0,0,37,8,0,1,0,NA,NA,45,1
2001,47,2052,0,0,25,5,0,3,0,NA,NA,30,3
2001,48,2401,0,0,50,23,0,1,0,NA,NA,73,1
2001,49,2331,0,1,34,43,0,5,0,NA,NA,78,5
2001,50,2434,0,2,39,69,0,2,0,NA,NA,110,2
2001,51,2915,0,3,44,118,0,4,0,NA,NA,165,4
2001,52,2621,0,0,51,168,0,1,0,NA,NA,219,1
2002,1,3531,0,0,108,234,0,2,0,NA,NA,342,2
2002,2,3900,0,0,144,390,0,6,0,NA,NA,534,6
2002,3,4696,0,1,268,653,0,5,0,NA,NA,922,5
2002,4,5816,0,4,387,840,0,12,0,NA,NA,1231,12
2002,5,6466,0,3,450,997,0,24,0,NA,NA,1450,24
2002,6,7191,0,6,613,1001,0,19,0,NA,NA,1620,19
2002,7,7572,0,4,615,1160,0,28,0,NA,NA,1779,28
2002,8,7358,0,11,538,1216,0,68,0,NA,NA,1765,68
2002,9,6217,0,8,384,947,0,86,0,NA,NA,1339,86
2002,10,5368,0,7,264,730,0,136,0,NA,NA,1001,136
2002,11,4337,0,6,156,475,0,166,0,NA,NA,637,166
2002,12,3763,0,2,103,254,0,210,0,NA,NA,359,210
2002,13,3332,0,3,44,127,0,284,0,NA,NA,174,284
2002,14,2660,0,3,20,72,0,235,0,NA,NA,95,235
2002,15,2329,0,4,17,40,0,192,0,NA,NA,61,192
2002,16,2001,0,6,18,12,0,226,0,NA,NA,36,226
2002,17,1820,0,1,9,8,0,138,0,NA,NA,18,138
2002,18,1643,0,1,11,7,0,149,0,NA,NA,19,149
2002,19,1655,0,1,0,4,0,140,0,NA,NA,5,140
2002,20,1467,0,1,0,1,0,86,0,NA,NA,2,86
2002,21,1302,0,0,0,3,0,61,0,NA,NA,3,61
2002,22,995,0,0,0,2,0,34,0,NA,NA,2,34
2002,23,948,0,0,0,1,0,25,0,NA,NA,1,25
2002,24,850,0,0,0,0,0,7,0,NA,NA,0,7
2002,25,692,0,0,0,0,0,2,0,NA,NA,0,2
2002,26,700,0,0,0,0,0,4,0,NA,NA,0,4
2002,27,490,0,0,0,0,0,2,0,NA,NA,0,2
2002,28,591,0,0,0,0,0,1,0,NA,NA,0,1
2002,29,578,0,0,0,0,0,0,0,NA,NA,0,0
2002,30,601,0,0,0,1,0,1,0,NA,NA,1,1
2002,31,530,0,0,0,0,0,0,0,NA,NA,0,0
2002,32,566,0,0,0,0,0,0,0,NA,NA,0,0
2002,33,516,0,0,0,0,0,0,0,NA,NA,0,0
2002,34,533,0,0,0,0,0,0,0,NA,NA,0,0
2002,35,588,0,0,0,0,0,1,0,NA,NA,0,1
2002,36,482,0,0,0,0,0,0,0,NA,NA,0,0
2002,37,561,0,0,0,0,0,0,0,NA,NA,0,0
2002,38,475,0,0,1,1,0,1,0,NA,NA,2,1
2002,39,391,0,0,0,0,0,2,0,NA,NA,0,2
2002,40,1443,0,0,0,0,0,0,0,NA,NA,0,0
2002,41,1517,0,1,0,1,0,1,0,NA,NA,2,1
2002,42,1590,0,0,0,0,0,0,0,NA,NA,0,0
2002,43,1774,0,4,0,1,0,1,0,NA,NA,5,1
2002,44,1636,0,0,0,3,0,3,0,NA,NA,3,3
2002,45,1988,0,0,2,0,0,3,0,NA,NA,2,3
2002,46,2107,0,0,0,6,0,4,0,NA,NA,6,4
2002,47,2091,0,2,0,4,0,16,0,NA,NA,6,16
2002,48,1900,0,1,3,5,0,6,0,NA,NA,9,6
2002,49,2414,0,4,3,5,0,28,0,NA,NA,12,28
2002,50,2493,0,8,2,14,0,73,0,NA,NA,24,73
2002,51,2910,0,17,3,25,0,146,0,NA,NA,45,146
2002,52,2368,0,17,6,18,0,119,0,NA,NA,41,119
2003,1,2632,0,27,8,31,0,82,0,NA,NA,66,82
2003,2,2828,0,50,19,46,0,134,0,NA,NA,115,134
2003,3,3108,0,68,11,76,0,202,0,NA,NA,155,202
2003,4,3352,0,105,24,142,0,276,0,NA,NA,271,276
2003,5,4166,0,173,53,215,0,413,0,NA,NA,441,413
2003,6,4874,0,279,76,332,0,598,0,NA,NA,687,598
2003,7,4676,0,253,115,299,0,517,0,NA,NA,667,517
2003,8,4416,0,253,126,249,0,368,0,NA,NA,628,368
2003,9,4348,0,275,101,233,0,357,0,NA,NA,609,357
2003,10,3633,0,199,87,179,0,214,0,NA,NA,465,214
2003,11,3422,0,175,62,174,0,175,0,NA,NA,411,175
2003,12,3435,0,169,77,133,0,124,0,NA,NA,379,124
2003,13,2820,0,90,29,91,0,71,0,NA,NA,210,71
2003,14,2352,0,40,32,88,0,41,0,NA,NA,160,41
2003,15,2131,0,24,23,47,0,16,0,NA,NA,94,16
2003,16,1777,0,13,20,33,0,23,0,NA,NA,66,23
2003,17,1406,0,9,20,18,0,11,0,NA,NA,47,11
2003,18,1222,0,16,16,16,0,20,0,NA,NA,48,20
2003,19,1121,0,6,7,5,0,10,0,NA,NA,18,10
2003,20,931,0,7,3,3,0,6,0,NA,NA,13,6
2003,21,872,0,3,5,1,0,7,0,NA,NA,9,7
2003,22,705,0,0,2,0,0,4,0,NA,NA,2,4
2003,23,721,0,3,0,2,0,8,0,NA,NA,5,8
2003,24,683,0,0,3,0,0,4,0,NA,NA,3,4
2003,25,551,0,0,1,1,0,2,0,NA,NA,2,2
2003,26,439,0,1,1,0,0,0,0,NA,NA,2,0
2003,27,643,0,0,1,0,0,0,0,NA,NA,1,0
2003,28,632,0,0,2,1,0,0,0,NA,NA,3,0
2003,29,697,0,0,4,0,0,0,0,NA,NA,4,0
2003,30,636,0,0,4,0,0,0,0,NA,NA,4,0
2003,31,632,0,0,7,0,0,1,0,NA,NA,7,1
2003,32,632,0,0,2,0,0,0,0,NA,NA,2,0
2003,33,761,0,0,2,1,0,0,0,NA,NA,3,0
2003,34,649,0,0,0,0,0,0,0,NA,NA,0,0
2003,35,672,0,0,0,0,0,0,0,NA,NA,0,0
2003,36,512,0,0,0,2,0,0,0,NA,NA,2,0
2003,37,604,0,0,1,0,0,0,0,NA,NA,1,0
2003,38,535,0,0,1,1,0,0,0,NA,NA,2,0
2003,39,414,0,0,0,0,0,0,0,NA,NA,0,0
2003,40,1430,0,0,2,19,0,1,0,NA,NA,21,1
2003,41,1682,0,0,3,74,0,0,0,NA,NA,77,0
2003,42,2176,0,0,17,235,0,1,0,NA,NA,252,1
2003,43,2568,0,0,56,398,0,4,0,NA,NA,454,4
2003,44,2753,0,0,100,435,0,0,0,NA,NA,535,0
2003,45,3553,0,1,273,585,0,3,0,NA,NA,859,3
2003,46,4595,0,0,381,908,0,2,0,NA,NA,1289,2
2003,47,5942,0,0,585,1375,0,8,0,NA,NA,1960,8
2003,48,6479,0,0,489,1752,0,10,0,NA,NA,2241,10
2003,49,9598,0,0,977,2260,0,32,0,NA,NA,3237,32
2003,50,12422,0,0,1401,2660,0,29,0,NA,NA,4061,29
2003,51,11783,0,0,1084,2525,0,20,0,NA,NA,3609,20
2003,52,9748,0,0,569,1826,0,16,0,NA,NA,2395,16
2003,53,8461,0,0,463,1226,0,12,0,NA,NA,1689,12
2004,1,6936,0,0,280,573,0,9,0,NA,NA,853,9
2004,2,5411,0,0,169,331,0,5,0,NA,NA,500,5
2004,3,4329,0,0,96,161,0,3,0,NA,NA,257,3
2004,4,4166,0,0,93,70,0,3,0,NA,NA,163,3
2004,5,3661,0,1,46,58,0,2,0,NA,NA,105,2
2004,6,3530,0,0,24,36,0,5,0,NA,NA,60,5
2004,7,3136,0,0,29,19,0,8,0,NA,NA,48,8
2004,8,2559,0,0,16,10,0,12,0,NA,NA,26,12
2004,9,2651,0,0,4,6,0,8,0,NA,NA,10,8
2004,10,2369,0,0,2,6,0,6,0,NA,NA,8,6
2004,11,2239,0,0,4,7,0,2,0,NA,NA,11,2
2004,12,1801,0,0,5,4,0,15,0,NA,NA,9,15
2004,13,1850,0,0,3,5,0,9,0,NA,NA,8,9
2004,14,1778,0,0,0,1,0,8,0,NA,NA,1,8
2004,15,1564,0,0,0,3,0,12,0,NA,NA,3,12
2004,16,1449,0,0,2,11,0,11,0,NA,NA,13,11
2004,17,1377,0,0,0,4,0,7,0,NA,NA,4,7
2004,18,1298,0,0,0,3,0,6,0,NA,NA,3,6
2004,19,1241,0,0,0,0,0,2,0,NA,NA,0,2
2004,20,1105,0,0,0,1,0,3,0,NA,NA,1,3
2004,21,1055,0,0,1,2,0,3,0,NA,NA,3,3
2004,22,823,0,0,0,2,0,4,0,NA,NA,2,4
2004,23,793,0,0,0,1,0,2,0,NA,NA,1,2
2004,24,844,0,0,0,0,0,2,0,NA,NA,0,2
2004,25,741,0,0,1,1,0,1,0,NA,NA,2,1
2004,26,730,0,0,1,0,0,2,0,NA,NA,1,2
2004,27,573,0,0,0,0,0,1,0,NA,NA,0,1
2004,28,746,0,0,0,0,0,2,0,NA,NA,0,2
2004,29,563,0,0,0,0,0,2,0,NA,NA,0,2
2004,30,671,0,0,0,0,0,0,0,NA,NA,0,0
2004,31,628,0,0,1,0,0,1,0,NA,NA,1,1
2004,32,620,0,0,1,0,0,0,0,NA,NA,1,0
2004,33,647,0,0,0,0,0,1,0,NA,NA,0,1
2004,34,823,0,0,0,3,0,1,0,NA,NA,3,1
2004,35,827,0,0,4,0,0,0,0,NA,NA,4,0
2004,36,822,0,0,0,0,0,3,0,NA,NA,0,3
2004,37,907,0,0,1,4,0,2,0,NA,NA,5,2
2004,38,890,0,0,2,1,0,1,0,NA,NA,3,1
2004,39,919,0,0,4,8,0,2,0,NA,NA,12,2
2004,40,1860,0,0,5,3,0,4,0,NA,NA,8,4
2004,41,2154,0,0,10,3,0,1,0,NA,NA,13,1
2004,42,2412,0,0,16,12,0,11,0,NA,NA,28,11
2004,43,2620,0,0,13,12,0,7,0,NA,NA,25,7
2004,44,2771,0,0,19,10,0,16,0,NA,NA,29,16
2004,45,3074,0,0,28,10,0,24,0,NA,NA,38,24
2004,46,3310,0,0,41,30,0,21,0,NA,NA,71,21
2004,47,3111,0,0,18,22,0,21,0,NA,NA,40,21
2004,48,3826,0,0,65,40,0,32,0,NA,NA,105,32
2004,49,3846,0,0,88,73,0,32,0,NA,NA,161,32
2004,50,4359,0,1,114,126,0,45,0,NA,NA,241,45
2004,51,4509,0,1,186,290,0,54,0,NA,NA,477,54
2004,52,5807,0,0,340,510,0,123,0,NA,NA,850,123
2005,1,6921,0,2,405,712,0,166,0,NA,NA,1119,166
2005,2,6646,0,2,308,634,0,182,0,NA,NA,944,182
2005,3,6948,0,2,377,892,0,212,0,NA,NA,1271,212
2005,4,8010,0,1,514,1045,0,306,0,NA,NA,1560,306
2005,5,8654,0,0,687,1214,0,424,0,NA,NA,1901,424
2005,6,9684,0,2,640,1451,0,478,0,NA,NA,2093,478
2005,7,10586,0,2,692,1398,0,613,0,NA,NA,2092,613
2005,8,9710,0,1,524,1135,0,618,0,NA,NA,1660,618
2005,9,8511,0,0,228,950,0,520,0,NA,NA,1178,520
2005,10,7580,0,0,163,635,0,418,0,NA,NA,798,418
2005,11,6540,0,0,148,489,0,471,0,NA,NA,637,471
2005,12,5928,0,0,103,303,0,463,0,NA,NA,406,463
2005,13,5134,0,3,54,167,0,343,0,NA,NA,224,343
2005,14,3894,0,0,47,96,0,212,0,NA,NA,143,212
2005,15,3339,0,0,14,39,0,123,0,NA,NA,53,123
2005,16,2933,0,1,21,26,0,75,0,NA,NA,48,75
2005,17,2570,0,0,12,15,0,42,0,NA,NA,27,42
2005,18,2250,0,0,10,8,0,33,0,NA,NA,18,33
2005,19,2136,0,0,13,5,0,19,0,NA,NA,18,19
2005,20,1889,0,0,20,3,0,16,0,NA,NA,23,16
2005,21,1809,0,0,9,3,0,19,0,NA,NA,12,19
2005,22,1682,0,0,5,3,0,15,0,NA,NA,8,15
2005,23,1576,0,0,4,0,0,8,0,NA,NA,4,8
2005,24,1514,0,0,3,2,0,10,0,NA,NA,5,10
2005,25,1229,0,0,5,1,0,5,0,NA,NA,6,5
2005,26,1215,0,0,0,6,0,1,0,NA,NA,6,1
2005,27,1073,0,0,1,0,0,4,0,NA,NA,1,4
2005,28,991,0,0,0,0,0,2,0,NA,NA,0,2
2005,29,983,0,0,0,1,0,2,0,NA,NA,1,2
2005,30,1124,0,0,1,0,0,1,0,NA,NA,1,1
2005,31,1018,0,0,0,0,0,0,0,NA,NA,0,0
2005,32,964,0,0,3,1,0,0,0,NA,NA,4,0
2005,33,989,0,1,0,5,0,0,0,NA,NA,6,0
2005,34,1016,0,0,2,2,0,0,0,NA,NA,4,0
2005,35,1054,0,0,2,3,0,1,0,NA,NA,5,1
2005,36,1031,0,0,1,0,0,0,0,NA,NA,1,0
2005,37,1099,0,0,4,0,0,1,0,NA,NA,4,1
2005,38,1280,0,0,2,0,0,0,0,NA,NA,2,0
2005,39,1421,0,0,2,4,0,1,0,NA,NA,6,1
2005,40,1894,0,0,6,4,0,1,0,NA,NA,10,1
2005,41,2191,0,0,6,4,0,2,0,NA,NA,10,2
2005,42,2349,0,0,12,8,0,5,0,NA,NA,20,5
2005,43,2780,0,0,6,6,0,2,0,NA,NA,12,2
2005,44,2890,0,0,13,7,0,3,0,NA,NA,20,3
2005,45,3320,0,1,21,14,0,7,0,NA,NA,36,7
2005,46,3861,0,2,18,23,0,4,0,NA,NA,43,4
2005,47,3268,0,0,19,30,0,3,0,NA,NA,49,3
2005,48,4056,0,1,57,56,0,2,0,NA,NA,114,2
2005,49,3863,0,1,126,79,0,8,0,NA,NA,206,8
2005,50,4618,0,0,269,125,0,5,0,NA,NA,394,5
2005,51,5418,0,1,296,383,0,11,0,NA,NA,680,11
2005,52,5829,0,2,336,425,0,23,0,NA,NA,763,23
2006,1,6417,0,1,259,468,0,24,0,NA,NA,728,24
2006,2,6378,0,4,297,520,0,22,0,NA,NA,821,22
2006,3,6255,0,4,285,565,0,29,0,NA,NA,854,29
2006,4,6732,0,4,308,714,0,33,0,NA,NA,1026,33
2006,5,7029,0,6,314,779,0,74,0,NA,NA,1099,74
2006,6,7226,0,9,321,825,0,142,0,NA,NA,1155,142
2006,7,8105,0,17,372,1013,0,184,0,NA,NA,1402,184
2006,8,7948,0,16,364,1003,0,242,0,NA,NA,1383,242
2006,9,7978,0,29,435,942,0,396,0,NA,NA,1406,396
2006,10,7819,0,54,411,881,0,408,0,NA,NA,1346,408
2006,11,6995,0,40,276,624,0,441,0,NA,NA,940,441
2006,12,6444,0,79,181,498,0,432,0,NA,NA,758,432
2006,13,5424,0,63,134,340,0,438,0,NA,NA,537,438
2006,14,4459,0,38,53,202,0,312,0,NA,NA,293,312
2006,15,4032,0,24,51,142,0,241,0,NA,NA,217,241
2006,16,3499,0,24,30,74,0,218,0,NA,NA,128,218
2006,17,2675,0,10,2,53,0,135,0,NA,NA,65,135
2006,18,2516,0,7,7,53,0,128,0,NA,NA,67,128
2006,19,2453,0,12,0,49,0,116,0,NA,NA,61,116
2006,20,2399,0,6,1,41,0,87,0,NA,NA,48,87
2006,21,2058,0,9,0,28,0,93,0,NA,NA,37,93
2006,22,1663,0,9,0,19,0,50,0,NA,NA,28,50
2006,23,1444,0,9,0,8,0,38,0,NA,NA,17,38
2006,24,1267,0,3,0,11,0,11,0,NA,NA,14,11
2006,25,1178,0,2,0,2,0,10,0,NA,NA,4,10
2006,26,1017,0,3,1,2,0,6,0,NA,NA,6,6
2006,27,907,0,2,0,4,0,2,0,NA,NA,6,2
2006,28,914,0,0,1,6,0,0,0,NA,NA,7,0
2006,29,917,0,0,0,9,0,2,0,NA,NA,9,2
2006,30,863,0,6,1,8,0,2,0,NA,NA,15,2
2006,31,943,0,3,0,16,0,1,0,NA,NA,19,1
2006,32,899,0,1,0,9,0,2,0,NA,NA,10,2
2006,33,862,0,3,0,7,0,2,0,NA,NA,10,2
2006,34,898,0,3,0,9,0,3,0,NA,NA,12,3
2006,35,907,0,5,0,8,0,4,0,NA,NA,13,4
2006,36,881,0,5,0,8,0,0,0,NA,NA,13,0
2006,37,1067,0,13,0,17,0,1,0,NA,NA,30,1
2006,38,996,0,22,0,11,0,2,0,NA,NA,33,2
2006,39,971,0,13,0,13,0,3,0,NA,NA,26,3
2006,40,2309,0,13,2,26,0,15,0,NA,NA,41,15
2006,41,2502,0,20,1,37,0,9,0,NA,NA,58,9
2006,42,2900,0,17,4,37,0,22,0,NA,NA,58,22
2006,43,3237,0,13,2,46,0,23,0,NA,NA,61,23
2006,44,3765,0,25,1,75,0,42,0,NA,NA,101,42
2006,45,4262,0,18,1,93,0,43,0,NA,NA,112,43
2006,46,4525,0,25,2,74,0,32,0,NA,NA,101,32
2006,47,4538,0,21,2,110,0,28,0,NA,NA,133,28
2006,48,5642,0,43,1,111,0,54,0,NA,NA,155,54
2006,49,5805,0,55,2,145,0,62,0,NA,NA,202,62
2006,50,6686,0,106,9,306,0,120,0,NA,NA,421,120
2006,51,7083,0,194,10,392,0,133,0,NA,NA,596,133
2006,52,6777,0,201,14,366,0,123,0,NA,NA,581,123
2007,1,6711,0,128,14,240,0,86,0,NA,NA,382,86
2007,2,6430,0,180,35,293,0,86,0,NA,NA,508,86
2007,3,6200,0,174,44,420,0,80,0,NA,NA,638,80
2007,4,7200,0,310,86,760,0,154,0,NA,NA,1156,154
2007,5,8261,0,367,107,1172,0,203,0,NA,NA,1646,203
2007,6,8986,0,497,133,1491,0,411,0,NA,NA,2121,411
2007,7,9780,0,430,133,1544,0,416,0,NA,NA,2107,416
2007,8,9947,0,297,156,1388,0,526,0,NA,NA,1841,526
2007,9,8634,0,201,192,1006,0,550,0,NA,NA,1399,550
2007,10,7848,0,169,199,751,0,470,0,NA,NA,1119,470
2007,11,6928,0,147,207,569,0,430,0,NA,NA,923,430
2007,12,6460,0,65,165,491,0,369,0,NA,NA,721,369
2007,13,5558,0,59,173,322,0,211,0,NA,NA,554,211
2007,14,4698,0,33,101,228,0,156,0,NA,NA,362,156
2007,15,4243,0,31,186,158,0,140,0,NA,NA,375,140
2007,16,3857,0,28,126,138,0,81,0,NA,NA,292,81
2007,17,3015,0,21,119,86,0,68,0,NA,NA,226,68
2007,18,3006,0,15,81,51,0,56,0,NA,NA,147,56
2007,19,2531,0,7,38,43,0,38,0,NA,NA,88,38
2007,20,2341,0,3,23,39,0,27,0,NA,NA,65,27
2007,21,1944,0,4,32,34,0,14,0,NA,NA,70,14
2007,22,1696,0,2,7,12,0,9,0,NA,NA,21,9
2007,23,1670,0,1,5,10,0,4,0,NA,NA,16,4
2007,24,1529,0,0,6,13,0,7,0,NA,NA,19,7
2007,25,1300,0,3,1,2,0,2,0,NA,NA,6,2
2007,26,1278,0,0,1,10,0,4,0,NA,NA,11,4
2007,27,1121,0,2,3,8,0,5,0,NA,NA,13,5
2007,28,1195,0,4,8,9,0,2,0,NA,NA,21,2
2007,29,1154,0,4,3,8,0,1,0,NA,NA,15,1
2007,30,1165,0,14,7,14,0,2,0,NA,NA,35,2
2007,31,1217,0,2,6,14,0,2,0,NA,NA,22,2
2007,32,1157,0,11,5,14,0,4,0,NA,NA,30,4
2007,33,1120,0,7,2,10,0,0,0,NA,NA,19,0
2007,34,1170,0,1,0,21,0,1,0,NA,NA,22,1
2007,35,1204,0,10,0,13,0,7,0,NA,NA,23,7
2007,36,1093,0,10,0,14,0,0,0,NA,NA,24,0
2007,37,1228,0,14,1,8,0,7,0,NA,NA,23,7
2007,38,954,0,11,1,15,0,3,0,NA,NA,27,3
2007,39,1052,0,3,1,16,0,0,0,NA,NA,20,0
2007,40,2382,0,17,2,20,0,5,0,NA,NA,39,5
2007,41,2534,0,19,3,22,0,0,0,NA,NA,44,0
2007,42,2953,0,16,2,28,0,2,0,NA,NA,46,2
2007,43,3179,0,16,2,27,0,5,0,NA,NA,45,5
2007,44,3575,0,10,0,53,0,11,0,NA,NA,63,11
2007,45,3797,0,17,10,47,0,11,0,NA,NA,74,11
2007,46,4131,0,24,6,55,0,2,0,NA,NA,85,2
2007,47,4040,0,35,2,90,0,13,0,NA,NA,127,13
2007,48,4855,0,49,12,86,0,14,0,NA,NA,147,14
2007,49,4909,0,35,10,113,0,22,0,NA,NA,158,22
2007,50,5157,0,50,22,117,0,26,0,NA,NA,189,26
2007,51,5877,0,68,28,167,0,51,0,NA,NA,263,51
2007,52,6269,0,77,26,259,0,86,0,NA,NA,362,86
2008,1,6829,0,98,61,318,0,107,0,NA,NA,477,107
2008,2,7383,0,166,145,529,0,163,0,NA,NA,840,163
2008,3,7814,0,196,205,703,0,209,0,NA,NA,1104,209
2008,4,9474,0,210,385,1215,0,342,0,NA,NA,1810,342
2008,5,13459,0,243,627,2301,0,660,0,NA,NA,3171,660
2008,6,15342,0,265,841,2835,0,930,0,NA,NA,3941,930
2008,7,15171,0,202,837,2703,0,1085,0,NA,NA,3742,1085
2008,8,17359,0,189,975,2730,0,1383,0,NA,NA,3894,1383
2008,9,16097,0,121,823,2095,0,1412,0,NA,NA,3039,1412
2008,10,15181,0,73,630,1505,0,1387,0,NA,NA,2208,1387
2008,11,11648,0,69,484,916,0,1095,0,NA,NA,1469,1095
2008,12,9498,0,43,395,596,0,903,0,NA,NA,1034,903
2008,13,7800,0,13,178,419,0,777,0,NA,NA,610,777
2008,14,6183,0,12,110,266,0,511,0,NA,NA,388,511
2008,15,5285,0,6,56,144,0,416,0,NA,NA,206,416
2008,16,4103,0,0,32,83,0,234,0,NA,NA,115,234
2008,17,3556,0,5,11,44,0,131,0,NA,NA,60,131
2008,18,2724,0,1,9,37,0,79,0,NA,NA,47,79
2008,19,2539,0,0,10,12,0,43,0,NA,NA,22,43
2008,20,2414,0,0,4,14,0,20,0,NA,NA,18,20
2008,21,2115,0,1,4,9,0,15,0,NA,NA,14,15
2008,22,1927,0,0,2,7,0,10,0,NA,NA,9,10
2008,23,1850,0,0,1,11,0,5,0,NA,NA,12,5
2008,24,1502,0,0,0,5,0,7,0,NA,NA,5,7
2008,25,1467,0,0,2,3,0,2,0,NA,NA,5,2
2008,26,1325,0,0,0,0,0,6,0,NA,NA,0,6
2008,27,1203,0,0,0,1,0,3,0,NA,NA,1,3
2008,28,1269,0,1,1,0,0,4,0,NA,NA,2,4
2008,29,1203,0,0,0,2,0,2,0,NA,NA,2,2
2008,30,1163,0,1,5,4,0,0,0,NA,NA,10,0
2008,31,1125,0,0,1,2,0,4,0,NA,NA,3,4
2008,32,1102,0,1,0,5,0,1,0,NA,NA,6,1
2008,33,1053,0,0,0,0,0,1,0,NA,NA,0,1
2008,34,1090,0,1,1,1,0,3,0,NA,NA,3,3
2008,35,1271,0,0,0,2,0,3,0,NA,NA,2,3
2008,36,1336,0,1,0,5,0,0,0,NA,NA,6,0
2008,37,1562,0,0,2,7,0,2,0,NA,NA,9,2
2008,38,1886,0,3,3,11,0,3,0,NA,NA,17,3
2008,39,2009,0,2,0,8,0,2,0,NA,NA,10,2
2008,40,2759,0,3,0,8,0,6,0,NA,NA,11,6
2008,41,2874,0,5,4,8,0,6,0,NA,NA,17,6
2008,42,2937,0,13,3,15,0,6,0,NA,NA,31,6
2008,43,3434,0,22,0,24,0,15,0,NA,NA,46,15
2008,44,3545,0,13,3,21,0,6,0,NA,NA,37,6
2008,45,4154,0,33,3,23,0,12,0,NA,NA,59,12
2008,46,4418,0,25,2,23,0,12,0,NA,NA,50,12
2008,47,4739,0,25,1,32,0,26,0,NA,NA,58,26
2008,48,4836,0,40,1,48,0,20,0,NA,NA,89,20
2008,49,5598,0,45,6,58,0,18,0,NA,NA,109,18
2008,50,5989,0,68,10,69,0,42,0,NA,NA,147,42
2008,51,6301,0,81,19,113,0,60,0,NA,NA,213,60
2008,52,6031,0,70,14,156,0,45,0,NA,NA,240,45
2008,53,6592,0,119,19,177,0,50,0,NA,NA,315,50
2009,1,6981,0,176,35,299,0,79,0,NA,NA,510,79
2009,2,6995,0,207,25,425,0,103,0,NA,NA,657,103
2009,3,7943,0,364,51,670,0,190,0,NA,NA,1085,190
2009,4,9484,0,563,81,944,0,381,0,NA,NA,1588,381
2009,5,11707,0,678,55,1382,0,687,0,NA,NA,2115,687
2009,6,12691,0,835,68,1357,0,947,0,NA,NA,2260,947
2009,7,11741,0,844,73,1064,1,931,0,NA,NA,1982,931
2009,8,11912,0,707,58,1006,0,1152,0,NA,NA,1771,1152
2009,9,10970,0,549,69,885,0,1168,0,NA,NA,1503,1168
2009,10,9595,0,388,70,627,0,1062,0,NA,NA,1085,1062
2009,11,8628,0,358,63,433,0,919,0,NA,NA,854,919
2009,12,7343,0,268,45,285,0,631,0,NA,NA,598,631
2009,13,5778,0,122,27,178,0,472,0,NA,NA,327,472
2009,14,5095,0,102,35,129,1,276,0,NA,NA,267,276
2009,15,4674,0,39,29,82,1,185,0,NA,NA,151,185
2009,16,4219,14,43,37,113,4,113,0,NA,NA,211,113
2009,17,36203,1354,702,935,526,195,800,0,NA,NA,3712,800
2009,18,34659,2484,518,893,709,117,486,0,NA,NA,4721,486
2009,19,16820,1741,155,298,626,88,134,0,NA,NA,2908,134
2009,20,15410,2796,79,322,767,71,93,0,NA,NA,4035,93
2009,21,13483,3144,34,304,964,27,42,0,NA,NA,4473,42
2009,22,13553,3967,30,441,872,17,24,0,NA,NA,5327,24
2009,23,13762,4203,29,268,1194,18,15,0,NA,NA,5712,15
2009,24,14264,4587,15,221,1286,22,9,0,NA,NA,6131,9
2009,25,12117,3267,9,76,993,33,6,0,NA,NA,4378,6
2009,26,10913,2637,13,41,747,23,7,0,NA,NA,3461,7
2009,27,10713,2753,1,45,614,12,7,0,NA,NA,3425,7
2009,28,9808,2123,3,29,519,24,3,0,NA,NA,2698,3
2009,29,8646,1901,4,16,403,17,3,0,NA,NA,2341,3
2009,30,9184,1990,4,11,498,24,4,0,NA,NA,2527,4
2009,31,8424,1471,10,7,486,18,2,0,NA,NA,1992,2
2009,32,8572,1462,9,8,441,8,5,0,NA,NA,1928,5
2009,33,10003,1905,9,18,493,11,1,0,NA,NA,2436,1
2009,34,11636,1792,12,15,713,16,15,0,NA,NA,2548,15
2009,35,13008,1798,10,11,1062,17,1,0,NA,NA,2898,1
2009,36,14896,2132,4,6,1416,8,10,0,NA,NA,3566,10
2009,37,16682,2456,4,1,1794,10,4,0,NA,NA,4265,4
2009,38,16820,2614,4,6,1881,24,11,0,NA,NA,4529,11
2009,39,15419,3456,8,4,1427,24,12,0,NA,NA,4919,12
2009,40,23980,6178,1,2,1822,18,21,0,NA,NA,8021,21
2009,41,29005,8858,2,0,2003,18,18,0,NA,NA,10881,18
2009,42,31511,10050,4,5,2291,27,32,0,NA,NA,12377,32
2009,43,28104,7968,1,2,1971,39,17,0,NA,NA,9981,17
2009,44,24986,6208,5,2,1467,21,24,0,NA,NA,7703,24
2009,45,21788,4812,2,2,1165,21,14,0,NA,NA,6002,14
2009,46,18493,2848,1,0,746,21,12,0,NA,NA,3616,12
2009,47,13301,1474,1,3,445,9,5,0,NA,NA,1932,5
2009,48,13134,1048,1,0,322,9,30,0,NA,NA,1380,30
2009,49,11364,630,1,3,211,7,16,0,NA,NA,852,16
2009,50,10494,496,0,3,158,6,13,0,NA,NA,663,13
2009,51,8622,273,3,0,146,1,4,0,NA,NA,423,4
2009,52,9617,311,0,1,146,1,9,0,NA,NA,459,9
2010,1,9456,272,0,1,92,3,11,0,NA,NA,368,11
2010,2,8753,272,1,3,128,2,11,0,NA,NA,406,11
2010,3,8468,324,0,1,149,2,1,0,NA,NA,476,1
2010,4,8378,282,0,3,134,0,9,0,NA,NA,419,9
2010,5,8243,307,0,0,108,0,10,0,NA,NA,415,10
2010,6,8099,250,1,0,109,0,9,0,NA,NA,360,9
2010,7,8375,281,0,0,112,0,7,0,NA,NA,393,7
2010,8,8074,335,0,1,99,0,3,0,NA,NA,435,3
2010,9,7514,353,0,0,102,0,6,0,NA,NA,455,6
2010,10,7502,364,0,0,119,0,13,0,NA,NA,483,13
2010,11,6485,262,0,1,103,0,4,0,NA,NA,366,4
2010,12,5654,180,0,1,58,0,11,0,NA,NA,239,11
2010,13,5246,166,0,1,55,0,6,0,NA,NA,222,6
2010,14,4716,102,0,1,26,0,1,0,NA,NA,129,1
2010,15,4095,60,0,2,14,0,8,0,NA,NA,76,8
2010,16,3740,20,0,2,12,0,13,0,NA,NA,34,13
2010,17,3660,17,0,0,5,0,4,0,NA,NA,22,4
2010,18,3117,18,0,1,3,0,3,0,NA,NA,22,3
2010,19,2891,6,0,2,6,0,4,0,NA,NA,14,4
2010,20,2903,7,0,1,3,1,3,0,NA,NA,12,3
2010,21,2689,0,0,0,3,0,2,0,NA,NA,3,2
2010,22,2136,3,0,1,0,0,2,0,NA,NA,4,2
2010,23,2163,1,0,1,1,0,3,0,NA,NA,3,3
2010,24,2033,1,0,4,1,0,3,0,NA,NA,6,3
2010,25,1987,3,0,4,1,0,0,0,NA,NA,8,0
2010,26,1820,1,0,1,1,0,1,0,NA,NA,3,1
2010,27,1636,1,0,4,0,0,0,0,NA,NA,5,0
2010,28,1620,2,0,7,0,0,2,0,NA,NA,9,2
2010,29,1606,3,0,2,0,0,3,0,NA,NA,5,3
2010,30,1686,1,0,13,4,0,5,0,NA,NA,18,5
2010,31,1520,4,0,9,2,0,1,0,NA,NA,15,1
2010,32,1676,7,0,10,2,0,10,0,NA,NA,19,10
2010,33,1790,5,0,11,0,0,3,0,NA,NA,16,3
2010,34,1967,10,0,18,6,0,6,0,NA,NA,34,6
2010,35,2212,7,0,14,3,0,4,0,NA,NA,24,4
2010,36,2336,9,0,16,7,0,4,0,NA,NA,32,4
2010,37,2698,5,1,31,7,0,6,0,NA,NA,44,6
2010,38,2960,0,0,30,9,0,9,0,NA,NA,39,9
2010,39,2988,2,0,20,8,0,10,0,NA,NA,30,10
2010,40,3600,7,0,18,29,0,23,0,NA,NA,54,23
2010,41,4006,13,0,36,43,0,36,0,NA,NA,92,36
2010,42,4112,8,0,35,51,0,45,0,NA,NA,94,45
2010,43,4240,13,0,56,45,0,52,0,NA,NA,114,52
2010,44,4608,12,0,61,68,0,106,0,NA,NA,141,106
2010,45,5377,15,0,79,93,0,163,0,NA,NA,187,163
2010,46,5578,23,0,123,104,0,237,0,NA,NA,250,237
2010,47,5533,11,0,155,156,0,265,0,NA,NA,322,265
2010,48,5975,35,0,176,126,0,260,0,NA,NA,337,260
2010,49,6361,48,0,359,126,0,310,0,NA,NA,533,310
2010,50,7692,83,0,551,274,0,542,0,NA,NA,908,542
2010,51,8172,112,0,789,456,0,689,0,NA,NA,1357,689
2010,52,9030,197,0,1015,512,0,648,0,NA,NA,1724,648
2011,1,10441,346,0,1159,551,0,572,0,NA,NA,2056,572
2011,2,10190,557,0,1216,626,0,585,0,NA,NA,2399,585
2011,3,11067,832,0,1437,700,0,741,0,NA,NA,2969,741
2011,4,12950,1074,0,1524,877,0,972,0,NA,NA,3475,972
2011,5,13875,1231,0,1481,1073,0,1127,0,NA,NA,3785,1127
2011,6,14647,1267,0,1488,1145,0,1177,0,NA,NA,3900,1177
2011,7,16401,1432,0,1570,1360,0,1354,0,NA,NA,4362,1354
2011,8,15033,1170,0,1235,1048,0,1204,0,NA,NA,3453,1204
2011,9,12990,954,0,997,738,0,884,0,NA,NA,2689,884
2011,10,11625,714,0,858,503,0,691,0,NA,NA,2075,691
2011,11,9860,457,0,609,371,0,563,0,NA,NA,1437,563
2011,12,8443,264,0,426,265,0,406,0,NA,NA,955,406
2011,13,7107,168,0,283,166,0,293,0,NA,NA,617,293
2011,14,6481,87,0,208,87,0,254,0,NA,NA,382,254
2011,15,5615,46,0,141,54,0,159,0,NA,NA,241,159
2011,16,4642,30,0,60,29,0,86,0,NA,NA,119,86
2011,17,3976,10,0,28,32,0,63,0,NA,NA,70,63
2011,18,3611,11,0,23,10,0,25,0,NA,NA,44,25
2011,19,3271,2,0,11,8,0,15,0,NA,NA,21,15
2011,20,3079,3,0,6,4,0,13,0,NA,NA,13,13
2011,21,2705,3,0,4,6,0,5,0,NA,NA,13,5
2011,22,2442,2,0,0,5,0,6,0,NA,NA,7,6
2011,23,2259,0,0,0,2,0,4,0,NA,NA,2,4
2011,24,2109,2,0,1,6,0,0,0,NA,NA,9,0
2011,25,1967,0,0,0,2,0,3,0,NA,NA,2,3
2011,26,1560,2,0,0,1,0,1,0,NA,NA,3,1
2011,27,1498,2,0,1,1,0,1,0,NA,NA,4,1
2011,28,1500,0,0,4,1,0,4,0,NA,NA,5,4
2011,29,1500,0,0,4,1,0,5,0,NA,NA,5,5
2011,30,1307,0,0,1,2,0,1,0,NA,NA,3,1
2011,31,1428,3,0,2,3,0,3,0,NA,NA,8,3
2011,32,1433,1,0,3,7,0,2,0,NA,NA,11,2
2011,33,1506,2,0,5,5,1,3,0,NA,NA,13,3
2011,34,1705,0,0,5,6,0,6,0,NA,NA,11,6
2011,35,1925,2,0,3,9,0,1,0,NA,NA,14,1
2011,36,2056,1,0,3,7,0,2,0,NA,NA,11,2
2011,37,2326,0,0,6,11,0,4,0,NA,NA,17,4
2011,38,2612,0,0,5,8,0,8,0,NA,NA,13,8
2011,39,2920,1,0,18,10,0,6,0,NA,NA,29,6
2011,40,3192,3,0,14,7,0,9,0,NA,NA,24,9
2011,41,3316,0,0,9,2,0,8,0,NA,NA,11,8
2011,42,3425,2,0,10,8,0,8,0,NA,NA,20,8
2011,43,3749,0,0,12,20,0,12,0,NA,NA,32,12
2011,44,4075,1,0,17,12,0,9,0,NA,NA,30,9
2011,45,4326,2,0,15,17,0,15,0,NA,NA,34,15
2011,46,4580,0,0,15,17,0,12,0,NA,NA,32,12
2011,47,4108,3,0,23,30,0,19,0,NA,NA,56,19
2011,48,4669,2,0,32,21,0,17,0,NA,NA,55,17
2011,49,4710,5,0,38,45,0,20,0,NA,NA,88,20
2011,50,4906,4,0,78,31,0,20,0,NA,NA,113,20
2011,51,5151,7,0,104,62,0,24,0,NA,NA,173,24
2011,52,5470,4,0,107,53,0,18,0,NA,NA,164,18
2012,1,5690,16,0,101,44,0,22,0,NA,NA,161,22
2012,2,5341,31,0,142,47,0,15,0,NA,NA,220,15
2012,3,5364,50,0,195,57,0,18,0,NA,NA,302,18
2012,4,5840,84,0,257,100,0,32,0,NA,NA,441,32
2012,5,6251,128,0,365,144,0,43,0,NA,NA,637,43
2012,6,6413,167,0,419,167,0,56,0,NA,NA,753,56
2012,7,7298,233,0,508,271,0,71,0,NA,NA,1012,71
2012,8,7596,319,0,690,356,0,78,0,NA,NA,1365,78
2012,9,8485,488,0,988,433,0,112,0,NA,NA,1909,112
2012,10,8459,538,0,1232,491,0,123,0,NA,NA,2261,123
2012,11,8822,599,0,1396,516,0,199,0,NA,NA,2511,199
2012,12,7974,445,0,1086,427,0,237,0,NA,NA,1958,237
2012,13,7450,311,0,719,332,0,244,0,NA,NA,1362,244
2012,14,6695,266,0,629,308,0,275,0,NA,NA,1203,275
2012,15,6304,188,0,591,212,0,298,0,NA,NA,991,298
2012,16,5689,119,0,540,201,0,314,0,NA,NA,860,314
2012,17,4980,74,0,361,151,0,274,0,NA,NA,586,274
2012,18,4522,53,0,299,119,0,252,0,NA,NA,471,252
2012,19,4061,33,0,229,88,0,266,0,NA,NA,350,266
2012,20,3811,23,0,162,69,0,254,0,NA,NA,254,254
2012,21,3729,11,0,76,69,0,260,0,NA,NA,156,260
2012,22,3347,3,0,78,56,0,228,0,NA,NA,137,228
2012,23,3055,7,0,45,44,0,197,0,NA,NA,96,197
2012,24,2898,2,0,52,56,0,179,0,NA,NA,110,179
2012,25,2529,2,0,36,30,0,103,0,NA,NA,68,103
2012,26,2255,0,0,17,22,0,113,0,NA,NA,39,113
2012,27,1970,1,0,15,18,0,59,0,NA,NA,34,59
2012,28,2052,4,0,33,15,0,41,1,NA,NA,52,41
2012,29,2100,0,0,18,11,0,48,0,NA,NA,29,48
2012,30,2048,2,0,49,13,0,32,9,NA,NA,64,32
2012,31,2161,1,0,65,11,0,33,95,NA,NA,77,33
2012,32,2294,1,0,62,12,0,25,73,NA,NA,75,25
2012,33,2501,6,0,69,14,0,27,52,NA,NA,89,27
2012,34,2705,6,0,48,21,0,23,15,NA,NA,75,23
2012,35,2746,1,0,37,15,0,19,12,NA,NA,53,19
2012,36,2914,1,0,34,17,0,32,5,NA,NA,52,32
2012,37,3280,0,0,16,11,0,44,2,NA,NA,27,44
2012,38,3501,5,0,43,18,0,42,0,NA,NA,66,42
2012,39,3649,7,0,42,18,0,64,0,NA,NA,67,64
2012,40,4513,9,0,73,11,0,78,0,NA,NA,93,78
2012,41,4914,7,0,67,24,0,95,0,NA,NA,98,95
2012,42,5249,4,0,131,48,0,122,0,NA,NA,183,122
2012,43,5306,3,0,152,52,0,141,0,NA,NA,207,141
2012,44,5406,4,0,188,79,0,154,0,NA,NA,271,154
2012,45,6446,5,0,277,116,0,231,0,NA,NA,398,231
2012,46,6721,8,0,404,217,0,267,2,NA,NA,629,267
2012,47,7433,7,0,591,407,0,364,0,NA,NA,1005,364
2012,48,9333,19,0,1022,545,0,503,0,NA,NA,1586,503
2012,49,12060,39,0,1787,1003,0,693,0,NA,NA,2829,693
2012,50,14711,53,0,2662,1226,0,856,0,NA,NA,3941,856
2012,51,16904,55,0,3703,1419,0,1154,0,NA,NA,5177,1154
2012,52,18139,88,0,3825,1758,0,1199,0,NA,NA,5671,1199
2013,1,19673,95,0,3723,1980,0,1146,0,NA,NA,5798,1146
2013,2,22224,126,0,4073,2166,0,1237,0,NA,NA,6365,1237
2013,3,20931,127,0,3232,1892,0,1142,0,NA,NA,5251,1142
2013,4,18668,145,0,2527,1660,0,1189,0,NA,NA,4332,1189
2013,5,16228,143,0,1952,1051,0,1158,0,NA,NA,3146,1158
2013,6,14491,121,0,1205,780,0,1188,0,NA,NA,2106,1188
2013,7,12691,78,0,844,534,0,1194,0,NA,NA,1456,1194
2013,8,11354,78,0,575,397,0,1225,0,NA,NA,1050,1225
2013,9,10504,60,0,417,309,0,1181,0,NA,NA,786,1181
2013,10,10165,70,0,330,217,0,1204,0,NA,NA,617,1204
2013,11,9559,49,0,212,201,0,1155,0,NA,NA,462,1155
2013,12,8647,36,0,179,144,0,1017,0,NA,NA,359,1017
2013,13,7722,41,0,124,98,0,853,0,NA,NA,263,853
2013,14,6782,30,0,121,107,0,687,0,NA,NA,258,687
2013,15,6198,48,0,69,65,0,489,0,NA,NA,182,489
2013,16,5575,30,0,79,47,0,332,0,NA,NA,156,332
2013,17,5095,34,0,60,48,0,249,0,NA,NA,142,249
2013,18,4919,18,0,55,29,0,222,0,NA,NA,102,222
2013,19,4473,13,0,36,27,0,166,0,NA,NA,76,166
2013,20,4102,11,0,24,22,0,126,0,NA,NA,57,126
2013,21,4097,15,0,21,20,0,123,0,NA,NA,56,123
2013,22,3587,14,0,14,28,0,95,0,NA,NA,56,95
2013,23,3576,14,0,13,29,0,82,0,NA,NA,56,82
2013,24,3254,21,0,12,32,0,63,0,NA,NA,65,63
2013,25,3227,29,0,12,31,0,55,2,NA,NA,72,55
2013,26,2999,34,0,5,24,0,28,6,NA,NA,63,28
2013,27,2579,17,0,14,24,0,25,4,NA,NA,55,25
2013,28,2653,23,0,30,33,0,14,0,NA,NA,86,14
2013,29,2504,21,0,13,25,0,14,1,NA,NA,59,14
2013,30,2316,20,0,11,26,0,10,1,NA,NA,57,10
2013,31,2549,23,0,14,30,0,20,2,NA,NA,67,20
2013,32,2494,28,0,11,27,0,12,0,NA,NA,66,12
2013,33,2304,16,0,3,33,0,12,0,NA,NA,52,12
2013,34,2560,12,0,4,40,0,3,1,NA,NA,56,3
2013,35,3006,42,0,4,66,0,10,1,NA,NA,112,10
2013,36,3148,25,0,6,71,0,13,0,NA,NA,102,13
2013,37,3602,49,0,7,59,0,7,0,NA,NA,115,7
2013,38,3888,38,0,8,56,0,22,0,NA,NA,102,22
2013,39,4596,55,0,11,102,0,20,0,NA,NA,168,20
2013,40,4911,69,0,13,83,0,28,1,NA,NA,165,28
2013,41,5808,57,0,24,116,0,32,0,NA,NA,197,32
2013,42,5801,49,0,16,94,0,26,0,NA,NA,159,26
2013,43,5886,73,0,21,100,0,14,0,NA,NA,194,14
2013,44,6316,88,0,26,136,0,43,0,NA,NA,250,43
2013,45,6945,157,0,29,171,0,43,0,NA,NA,357,43
2013,46,7203,272,0,21,188,0,37,0,NA,NA,481,37
2013,47,7839,425,0,22,213,0,57,0,NA,NA,660,57
2013,48,7433,496,0,29,331,0,42,0,NA,NA,856,42
2013,49,10169,1023,0,34,593,0,69,0,NA,NA,1650,69
2013,50,10837,1324,0,56,821,0,52,0,NA,NA,2201,52
2013,51,14015,2231,0,51,1606,0,67,0,NA,NA,3888,67
2013,52,15748,3004,0,47,1749,0,93,0,NA,NA,4800,93
2014,1,17779,3477,0,84,1538,0,88,0,NA,NA,5099,88
2014,2,18253,3544,0,106,1316,0,91,0,NA,NA,4966,91
2014,3,17480,3263,0,126,1160,0,131,0,NA,NA,4549,131
2014,4,16468,2643,0,132,1042,0,185,0,NA,NA,3817,185
2014,5,14618,1945,0,94,776,0,175,0,NA,NA,2815,175
2014,6,12995,1571,0,130,557,0,219,0,NA,NA,2258,219
2014,7,11892,1133,0,102,489,0,227,0,NA,NA,1724,227
2014,8,11127,840,0,93,337,0,248,0,NA,NA,1270,248
2014,9,10252,581,0,102,261,0,274,0,NA,NA,944,274
2014,10,9441,413,0,102,207,0,301,0,NA,NA,722,301
2014,11,8922,351,0,138,163,0,334,0,NA,NA,652,334
2014,12,8216,212,0,164,190,0,464,0,NA,NA,566,464
2014,13,7905,156,0,184,188,0,525,0,NA,NA,528,525
2014,14,7531,116,0,236,146,0,595,0,NA,NA,498,595
2014,15,7179,55,0,227,168,0,624,0,NA,NA,450,624
2014,16,6648,36,0,222,138,0,516,0,NA,NA,396,516
2014,17,6317,35,0,191,129,0,469,0,NA,NA,355,469
2014,18,5865,13,0,151,131,0,447,0,NA,NA,295,447
2014,19,5436,9,0,130,104,0,354,0,NA,NA,243,354
2014,20,5315,8,0,119,102,0,322,0,NA,NA,229,322
2014,21,4833,4,0,105,62,0,236,0,NA,NA,171,236
2014,22,4757,3,0,115,80,0,225,0,NA,NA,198,225
2014,23,4310,3,0,97,51,0,160,0,NA,NA,151,160
2014,24,4140,3,0,101,50,0,140,0,NA,NA,154,140
2014,25,3877,3,0,69,43,0,113,0,NA,NA,115,113
2014,26,3434,1,0,45,28,0,100,0,NA,NA,74,100
2014,27,3144,2,0,47,26,0,83,0,NA,NA,75,83
2014,28,3057,3,0,55,29,0,66,0,NA,NA,87,66
2014,29,3188,0,0,41,19,0,61,0,NA,NA,60,61
2014,30,3127,2,0,37,28,0,50,0,NA,NA,67,50
2014,31,2939,2,0,53,25,0,27,0,NA,NA,80,27
2014,32,2973,5,0,44,15,0,23,1,NA,NA,64,23
2014,33,3270,1,0,54,21,0,36,0,NA,NA,76,36
2014,34,3339,3,0,45,19,0,42,1,NA,NA,67,42
2014,35,3973,6,0,62,26,0,42,0,NA,NA,94,42
2014,36,4227,7,0,44,32,0,34,0,NA,NA,83,34
2014,37,5324,1,0,66,33,0,31,0,NA,NA,100,31
2014,38,5681,6,0,81,31,0,53,0,NA,NA,118,53
2014,39,5905,1,0,87,51,0,65,0,NA,NA,139,65
2014,40,9567,2,0,100,97,0,110,0,NA,NA,199,110
2014,41,11036,5,0,125,149,0,160,0,NA,NA,279,160
2014,42,11729,7,0,226,186,0,164,1,NA,NA,419,164
2014,43,11385,5,0,212,200,0,127,0,NA,NA,417,127
2014,44,11531,4,0,295,292,0,136,0,NA,NA,591,136
2014,45,12918,6,0,506,489,0,155,0,NA,NA,1001,155
2014,46,13777,8,0,633,629,0,147,0,NA,NA,1270,147
2014,47,16166,5,0,1002,1233,0,163,0,NA,NA,2240,163
2014,48,18504,8,0,1538,1878,0,200,0,NA,NA,3424,200
2014,49,23068,13,0,2585,2483,0,249,0,NA,NA,5081,249
2014,50,29223,6,0,3823,4047,0,315,0,NA,NA,7876,315
2014,51,37114,4,0,4978,6163,0,325,0,NA,NA,11145,325
2014,52,42518,10,0,5549,7847,0,392,0,NA,NA,13406,392
2014,53,41550,10,0,5260,5695,0,409,0,NA,NA,10965,409
2015,1,38508,11,0,4908,3955,0,372,0,NA,NA,8874,372
2015,2,35598,9,0,4586,3580,0,473,0,NA,NA,8175,473
2015,3,34194,4,0,3918,3513,0,548,0,NA,NA,7435,548
2015,4,32003,11,0,3475,2789,0,606,0,NA,NA,6275,606
2015,5,29581,10,0,2719,2170,0,723,0,NA,NA,4899,723
2015,6,26994,7,0,1746,1575,0,869,0,NA,NA,3328,869
2015,7,24293,10,0,1242,1108,0,1010,0,NA,NA,2360,1010
2015,8,22294,18,0,954,740,0,1127,0,NA,NA,1712,1127
2015,9,20420,5,0,774,558,0,1352,0,NA,NA,1337,1352
2015,10,19845,8,0,458,405,0,1656,0,NA,NA,871,1656
2015,11,18419,2,0,340,302,0,1565,0,NA,NA,644,1565
2015,12,16980,7,0,227,197,0,1479,0,NA,NA,431,1479
2015,13,15125,4,0,168,119,0,1377,0,NA,NA,291,1377
2015,14,14743,8,0,87,107,0,1272,0,NA,NA,202,1272
2015,15,13389,13,0,66,79,0,969,0,NA,NA,158,969
2015,16,11873,2,0,48,40,0,683,0,NA,NA,90,683
2015,17,10770,4,0,26,36,0,544,0,NA,NA,66,544
2015,18,9784,2,0,12,19,0,494,0,NA,NA,33,494
2015,19,9188,2,0,16,26,0,340,0,NA,NA,44,340
2015,20,8412,1,0,21,19,0,267,0,NA,NA,41,267
2015,21,7748,1,0,20,21,0,184,0,NA,NA,42,184
2015,22,6993,0,0,20,22,0,152,0,NA,NA,42,152
2015,23,6725,1,0,20,28,0,129,0,NA,NA,49,129
2015,24,6133,2,0,50,22,0,78,0,NA,NA,74,78
2015,25,5558,0,0,51,24,0,46,0,NA,NA,75,46
2015,26,5248,2,0,59,35,0,33,0,NA,NA,96,33
2015,27,5260,4,0,40,18,0,36,1,NA,NA,62,36
2015,28,5039,3,0,35,11,0,37,0,NA,NA,49,37
2015,29,4811,2,0,31,19,0,21,0,NA,NA,52,21
2015,30,4785,0,0,44,20,0,9,0,NA,NA,64,9
2015,31,4790,4,0,50,21,0,18,0,NA,NA,75,18
2015,32,4910,3,0,34,30,0,14,0,NA,NA,67,14
2015,33,5170,2,0,55,25,0,16,0,NA,NA,82,16
2015,34,5381,3,0,44,33,0,20,0,NA,NA,80,20
2015,35,6115,3,0,64,43,0,29,0,NA,NA,110,29
2015,36,6786,1,0,74,35,0,38,0,NA,NA,110,38
2015,37,7694,4,0,91,56,0,47,0,NA,NA,151,47
2015,38,8855,1,0,58,62,0,46,0,NA,NA,121,46
2015,39,9876,7,0,77,59,0,59,0,NA,NA,143,59
2015,40,13168,4,NA,65,2,NA,10,0,0,1,155,54
2015,41,14263,5,NA,41,2,NA,7,0,3,0,164,64
2015,42,14639,10,NA,50,1,NA,8,0,3,2,158,65
2015,43,14781,9,NA,31,4,NA,9,0,1,4,142,66
2015,44,16152,4,NA,23,4,NA,9,0,1,4,128,82
2015,45,16441,11,NA,34,1,NA,10,0,4,2,168,102
2015,46,16708,17,NA,42,1,NA,4,0,0,4,144,106
2015,47,16391,17,NA,24,0,NA,4,0,3,9,160,108
2015,48,17751,27,NA,36,3,NA,9,0,3,12,211,105
2015,49,18191,38,NA,37,3,NA,11,0,2,11,218,130
2015,50,18833,69,NA,39,0,NA,10,0,4,19,352,225
2015,51,18123,89,NA,33,1,NA,12,0,3,28,343,209
2015,52,20350,146,NA,56,1,NA,13,0,9,35,467,257
2016,1,21627,232,NA,68,2,NA,14,0,12,52,698,262
2016,2,20437,256,NA,89,5,NA,47,0,23,60,921,354
2016,3,20744,361,NA,100,13,NA,45,0,25,83,1190,468
2016,4,23359,526,NA,160,15,NA,97,0,28,104,1736,641
2016,5,24988,672,NA,171,13,NA,98,0,62,143,2428,890
2016,6,28136,891,NA,236,17,NA,161,0,71,206,3409,1302
2016,7,31106,1340,NA,256,19,NA,179,0,103,309,4750,1683
2016,8,35517,1672,NA,232,28,NA,215,0,156,383,6342,2030
2016,9,38567,1886,NA,313,32,NA,211,0,143,347,7754,2330
2016,10,41876,2173,NA,313,47,NA,246,0,162,333,9212,2759
2016,11,38344,1514,NA,213,24,NA,185,0,154,278,6798,2407
2016,12,33518,1058,NA,198,19,NA,185,0,117,207,5194,2161
2016,13,30674,807,NA,180,33,NA,208,0,127,211,3985,2060
2016,14,26382,534,NA,135,33,NA,173,0,106,163,2673,1832
2016,15,23773,383,NA,117,16,NA,148,0,88,162,2022,1762
2016,16,21676,276,NA,127,16,NA,158,0,86,163,1542,1736
2016,17,19461,167,NA,98,5,NA,94,0,78,119,971,1434
2016,18,16505,77,NA,59,2,NA,80,0,53,82,565,1037
2016,19,15109,53,NA,62,2,NA,53,0,36,71,397,822
2016,20,13361,35,NA,77,4,NA,44,0,14,50,340,613
2016,21,12230,16,NA,44,2,NA,30,0,22,32,201,492
2016,22,10549,4,NA,13,1,NA,24,0,14,35,100,299
2016,23,9636,5,NA,15,1,NA,14,0,6,17,91,244
2016,24,8788,7,NA,18,0,NA,6,0,6,10,84,116
2016,25,7737,5,NA,22,0,NA,10,0,9,11,71,113
2016,26,6623,3,NA,18,3,NA,4,0,6,9,50,70
2016,27,6249,2,NA,18,0,NA,5,0,5,9,44,49
2016,28,6619,1,NA,21,1,NA,3,0,2,11,47,47
2016,29,6185,2,NA,18,1,NA,4,0,0,10,45,40
2016,30,6054,2,NA,38,0,NA,2,1,2,10,61,39
2016,31,6026,1,NA,45,2,NA,0,3,1,4,84,25
2016,32,6124,6,NA,28,0,NA,1,10,3,12,66,46
2016,33,6350,1,NA,29,0,NA,3,4,1,7,61,32
2016,34,6628,5,NA,28,0,NA,2,0,2,6,96,35
2016,35,7501,7,NA,33,0,NA,5,0,4,2,118,52
2016,36,8132,3,NA,45,0,NA,6,0,1,3,105,66
2016,37,9280,8,NA,55,2,NA,10,0,4,6,139,78
2016,38,10040,6,NA,77,0,NA,8,0,3,5,180,83
2016,39,11292,5,NA,73,1,NA,5,0,11,0,185,99
2016,40,14278,9,NA,87,0,NA,1,0,5,4,216,100
2016,41,15023,11,NA,81,0,NA,3,0,7,6,200,99
2016,42,16250,12,NA,134,2,NA,1,0,8,10,263,116
2016,43,16480,13,NA,130,1,NA,6,0,3,3,287,100
2016,44,17948,12,NA,122,3,NA,3,0,10,7,338,138
2016,45,19086,5,NA,155,1,NA,5,0,6,1,432,133
2016,46,20411,9,NA,189,2,NA,13,0,7,1,547,165
2016,47,19618,5,NA,164,14,NA,10,0,4,3,634,186
2016,48,23255,13,NA,318,11,NA,18,0,17,5,874,223
2016,49,22444,14,NA,479,3,NA,3,0,20,7,1192,210
2016,50,25720,18,NA,750,9,NA,16,0,27,18,2136,271
2016,51,29439,29,NA,1016,11,NA,16,0,38,28,3619,423
2016,52,36560,32,NA,1676,31,NA,13,0,59,37,6009,497
2017,1,38960,53,NA,2067,13,NA,19,0,47,60,6421,512
2017,2,39546,49,NA,2210,30,NA,25,0,49,76,7224,626
2017,3,41010,57,NA,2253,24,NA,26,0,69,104,8396,854
2017,4,42620,47,NA,2431,29,NA,30,0,71,123,8761,1021
2017,5,46521,51,NA,2596,30,NA,50,0,96,182,10456,1425
2017,6,53516,71,NA,2975,23,NA,47,0,126,240,12771,2303
2017,7,54691,68,NA,2617,17,NA,104,0,152,300,12248,3108
2017,8,52446,87,NA,2364,12,NA,89,0,159,357,11226,3557
2017,9,44426,54,NA,1492,13,NA,102,0,149,358,7164,2998
2017,10,42112,50,NA,1256,15,NA,107,0,138,389,5953,3419
2017,11,39836,28,NA,909,11,NA,124,0,141,440,4743,3876
2017,12,38400,31,NA,843,4,NA,124,0,193,523,4099,4555
2017,13,35530,27,NA,655,3,NA,218,0,143,576,3030,4595
2017,14,31021,17,NA,374,4,NA,133,0,117,450,1838,3686
2017,15,26720,5,NA,221,1,NA,81,0,66,383,1129,2813
2017,16,23640,11,NA,144,2,NA,81,0,54,250,724,1960
2017,17,20099,7,NA,133,2,NA,49,0,51,181,468,1227
2017,18,17267,5,NA,83,2,NA,41,0,31,131,342,911
2017,19,16191,3,NA,97,2,NA,36,0,38,117,334,775
2017,20,15080,5,NA,63,1,NA,33,0,33,114,285,659
2017,21,13461,6,NA,41,0,NA,23,0,26,80,227,507
2017,22,12194,1,NA,39,0,NA,17,0,51,60,211,442
2017,23,11119,5,NA,33,0,NA,19,0,22,63,174,329
2017,24,9966,8,NA,43,1,NA,9,0,11,45,183,227
2017,25,8843,5,NA,40,0,NA,8,0,11,31,152,167
2017,26,7859,5,NA,39,1,NA,7,0,4,21,139,128
2017,27,7366,10,NA,29,0,NA,4,0,7,7,114,97
2017,28,7741,4,NA,31,0,NA,11,2,5,9,129,93
2017,29,7532,8,NA,26,0,NA,9,9,0,7,130,61
2017,30,7122,7,NA,31,4,NA,3,0,1,21,114,75
2017,31,7110,8,NA,41,0,NA,3,5,0,8,150,46
2017,32,7266,6,NA,42,1,NA,7,1,0,20,126,82
2017,33,7949,5,NA,32,3,NA,1,0,0,9,102,50
2017,34,8570,6,NA,54,2,NA,10,0,1,9,142,57
2017,35,9890,18,NA,64,1,NA,7,0,0,0,203,69
2017,36,10850,12,NA,105,2,NA,3,0,0,13,247,84
2017,37,12321,8,NA,109,0,NA,14,0,2,17,265,105
2017,38,13529,2,NA,101,3,NA,10,17,1,18,260,104
2017,39,14583,10,NA,119,1,NA,3,24,0,10,309,90
2017,40,16573,13,NA,123,3,NA,5,1,0,16,370,133
2017,41,17636,14,NA,143,8,NA,6,0,4,13,413,121
2017,42,19061,14,NA,173,0,NA,2,0,1,11,465,124
2017,43,19864,26,NA,180,24,NA,13,0,1,21,570,170
2017,44,21606,24,NA,249,15,NA,17,0,3,36,791,275
2017,45,23440,29,NA,315,1,NA,12,0,4,33,1034,289
2017,46,25670,56,NA,405,2,NA,29,0,5,61,1402,417
2017,47,25441,41,NA,490,2,NA,10,0,5,60,1869,428
2017,48,29582,61,NA,787,11,NA,20,1,8,108,2412,572
2017,49,33552,72,NA,1055,4,NA,31,0,16,103,3610,977
2017,50,38752,137,NA,1515,11,NA,39,0,36,174,6223,1093
2017,51,52824,240,NA,2491,19,NA,78,0,39,258,11987,2073
2017,52,60942,279,NA,2984,29,NA,100,0,35,372,15294,2599
2018,1,67726,320,NA,3295,39,NA,165,0,45,463,16672,3208
2018,2,75195,393,NA,3336,70,NA,163,0,42,534,18948,3985
2018,3,75417,406,NA,2727,50,NA,189,0,47,536,17965,4677
2018,4,87245,540,NA,2749,38,NA,231,0,58,718,19961,6357
2018,5,88743,542,NA,2494,41,NA,306,0,91,804,18270,8116
2018,6,87883,544,NA,2040,32,NA,329,0,113,931,16732,9231
2018,7,80481,495,NA,1511,24,NA,251,0,115,931,13401,9507
2018,8,64580,306,NA,1073,19,NA,245,0,116,891,8575,7652
2018,9,52069,246,NA,588,12,NA,204,0,88,699,5251,5550
2018,10,44035,144,NA,411,25,NA,172,0,88,646,3477,4440
2018,11,39323,188,NA,277,25,NA,174,0,70,542,2839,4170
2018,12,35690,120,NA,234,10,NA,129,0,52,467,2387,3751
2018,13,32633,132,NA,220,8,NA,107,0,62,455,2068,3551
2018,14,29245,120,NA,163,7,NA,72,0,54,405,1422,2868
2018,15,26533,101,NA,102,2,NA,54,0,40,297,1106,2308
2018,16,22657,51,NA,86,0,NA,45,0,43,211,732,1723
2018,17,20356,56,NA,53,1,NA,53,0,28,138,582,1293
2018,18,17926,40,NA,31,2,NA,23,0,14,137,419,898
2018,19,15577,16,NA,20,0,NA,8,0,6,68,227,549
2018,20,13477,16,NA,10,0,NA,10,0,6,27,202,279
2018,21,12143,18,NA,6,0,NA,8,0,4,20,143,195
2018,22,11054,8,NA,5,0,NA,2,0,2,11,89,104
2018,23,9989,7,NA,3,0,NA,3,0,3,9,83,95
2018,24,9212,6,NA,3,0,NA,2,0,3,8,60,78
2018,25,8715,1,NA,3,0,NA,0,1,3,6,54,47
2018,26,7920,2,NA,6,0,NA,0,0,0,1,65,30
2018,27,7010,9,NA,5,0,NA,1,0,0,6,58,32
2018,28,7162,8,NA,9,0,NA,1,0,2,3,68,19
2018,29,7009,15,NA,5,0,NA,3,0,2,4,77,24
2018,30,6976,9,NA,3,4,NA,0,0,2,0,64,21
2018,31,6477,7,NA,10,3,NA,0,0,0,1,63,18
2018,32,6954,6,NA,8,5,NA,1,0,0,2,62,25
2018,33,7246,5,NA,9,6,NA,1,0,0,2,56,21
2018,34,8042,17,NA,20,6,NA,1,0,0,1,120,29
2018,35,8970,10,NA,6,0,NA,0,0,0,2,114,35
2018,36,10137,17,NA,17,0,NA,1,0,0,1,153,54
2018,37,12476,29,NA,14,0,NA,0,0,1,5,198,54
2018,38,13717,22,NA,17,2,NA,2,0,1,2,199,71
2018,39,15324,20,NA,13,0,NA,0,0,0,3,202,55
2018,40,17329,29,NA,11,8,NA,0,0,7,11,266,89
2018,41,18953,52,NA,11,8,NA,5,0,3,5,294,96
2018,42,21331,52,NA,22,13,NA,1,0,2,14,399,108
2018,43,22570,76,NA,35,3,NA,3,0,0,13,454,117
2018,44,23743,84,NA,23,3,NA,1,0,1,8,500,109
2018,45,24902,117,NA,27,15,NA,5,0,4,7,705,114
2018,46,25945,148,NA,41,12,NA,0,0,2,3,869,111
2018,47,25901,215,NA,54,10,NA,1,0,2,5,1176,84
2018,48,30032,326,NA,64,12,NA,1,0,2,10,1404,120
2018,49,30806,361,NA,90,14,NA,7,0,3,7,2125,169
2018,50,35352,675,NA,166,20,NA,3,0,7,6,4103,210
2018,51,41097,1115,NA,248,79,NA,9,0,20,8,6731,229
2018,52,45945,1243,NA,274,113,NA,7,0,19,9,8479,279
2019,1,47354,1182,NA,305,162,NA,6,0,8,17,6892,184
2019,2,44893,1430,NA,233,100,NA,12,0,4,20,6838,254
2019,3,45371,1475,NA,367,120,NA,9,0,17,16,8635,229
2019,4,47747,1549,NA,513,117,NA,19,0,19,9,10502,294
2019,5,52806,1678,NA,807,74,NA,11,0,25,18,13235,346
2019,6,58925,1878,NA,1201,77,NA,18,0,18,11,16307,476
2019,7,58042,1703,NA,1305,63,NA,23,0,29,18,16425,585
2019,8,58848,1481,NA,1501,79,NA,57,0,28,12,16769,575
2019,9,58209,1377,NA,1783,83,NA,38,0,34,10,16679,523
2019,10,58090,1292,NA,1829,70,NA,57,0,42,27,16390,564
2019,11,57885,1051,NA,1826,48,NA,51,0,56,31,16301,707
2019,12,52587,745,NA,1402,27,NA,75,0,50,19,12510,767
2019,13,45852,472,NA,1110,30,NA,105,0,66,25,9284,794
2019,14,39381,336,NA,887,21,NA,96,0,70,20,6136,783
2019,15,33865,217,NA,660,9,NA,79,0,58,18,4097,722
2019,16,29493,130,NA,354,7,NA,25,0,50,19,2384,612
2019,17,25962,88,NA,218,4,NA,67,0,39,14,1341,533
2019,18,21210,65,NA,158,6,NA,13,0,40,11,863,402
2019,19,18582,45,NA,94,14,NA,22,0,41,9,557,349
2019,20,17801,43,NA,82,3,NA,11,0,40,7,461,327
2019,21,16227,29,NA,67,4,NA,3,0,27,3,376,293
2019,22,14942,23,NA,55,4,NA,20,0,25,11,294,287
2019,23,13119,25,NA,54,4,NA,19,0,32,1,227,260
2019,24,11838,21,NA,57,7,NA,6,0,19,2,214,162
2019,25,10857,19,NA,52,2,NA,9,0,13,0,182,112
2019,26,9519,21,NA,48,2,NA,4,0,12,3,164,116
2019,27,9215,29,NA,41,3,NA,3,0,13,1,202,103
2019,28,9476,10,NA,42,1,NA,2,0,9,1,155,93
2019,29,8662,12,NA,55,4,NA,1,0,10,0,176,91
2019,30,8247,19,NA,29,2,NA,3,0,11,0,154,99
2019,31,8217,14,NA,30,2,NA,1,0,10,2,150,98
2019,32,8375,7,NA,33,0,NA,1,0,16,0,119,104
2019,33,8654,20,NA,34,3,NA,0,0,38,0,135,133
2019,34,9248,19,NA,38,1,NA,2,0,32,0,152,150
2019,35,10877,14,NA,34,4,NA,6,0,29,0,194,256
2019,36,12269,16,NA,54,9,NA,1,0,29,1,215,261
2019,37,13961,12,NA,69,14,NA,2,0,44,2,247,228
2019,38,15825,27,NA,59,10,NA,5,0,46,0,258,304
2019,39,18147,18,NA,60,18,NA,7,0,49,0,249,379
2019,40,20838,25,NA,57,21,NA,7,0,56,1,239,188
2019,41,23214,33,NA,64,22,NA,7,0,70,2,265,260
2019,42,24387,36,NA,82,24,NA,13,0,77,3,314,280
2019,43,26124,53,NA,78,48,NA,20,0,96,5,380,475
2019,44,27014,52,NA,61,83,NA,39,0,120,5,417,720
2019,45,31189,122,NA,74,205,NA,74,0,234,10,815,1393
2019,46,33647,149,NA,58,146,NA,89,0,330,10,888,2018
2019,47,39305,258,NA,78,173,NA,173,0,423,10,1412,3187
2019,48,37757,369,NA,83,92,NA,141,0,500,10,1623,3444
2019,49,45188,513,NA,83,86,NA,195,0,657,14,2108,4327
2019,50,48415,620,NA,78,41,NA,311,0,807,15,2897,6230
2019,51,58494,915,NA,52,52,NA,276,0,1110,16,4716,9981
2019,52,68238,1210,NA,88,27,NA,348,0,1326,24,7305,12962
2020,1,69417,1262,NA,101,45,NA,189,0,1275,23,7053,11151
2020,2,65248,1338,NA,86,34,NA,223,0,1145,20,7567,9316
2020,3,65248,1598,NA,73,56,NA,252,0,1244,12,9439,9528
2020,4,69502,1769,NA,79,37,NA,256,0,1137,8,11363,10165
2020,5,78348,2366,NA,92,50,NA,309,0,1073,8,14610,11061
2020,6,77533,2355,NA,91,64,NA,288,0,875,5,15470,9955
2020,7,74292,2052,NA,65,129,NA,280,0,744,10,15618,8214
2020,8,69556,1752,NA,76,119,NA,169,0,564,9,14661,6497
2020,9,66399,1667,NA,63,50,NA,141,0,454,8,13493,4966
2020,10,68305,1612,NA,73,65,NA,132,0,352,8,12800,3870
2020,11,78031,1138,NA,74,52,NA,93,0,197,3,10341,2983
2020,12,75955,444,NA,30,23,NA,50,0,77,1,4628,1480
2020,13,46904,100,NA,7,8,NA,34,0,20,2,874,336
2020,14,32317,37,NA,1,4,NA,7,0,5,0,238,134
2020,15,20596,28,NA,0,3,NA,4,0,0,0,106,50
2020,16,15330,19,NA,0,0,NA,3,0,2,0,77,37
2020,17,13648,26,NA,0,0,NA,4,0,0,0,46,12
2020,18,11018,23,NA,0,1,NA,2,0,1,0,43,11
2020,19,9552,26,NA,1,0,NA,2,0,0,0,41,17
2020,20,8532,24,NA,0,0,NA,3,0,0,0,38,13
2020,21,8078,0,NA,0,1,NA,0,0,0,0,9,8
2020,22,6587,2,NA,0,1,NA,1,0,0,0,10,4
2020,23,6543,0,NA,0,0,NA,2,0,0,0,9,14
2020,24,6069,1,NA,0,1,NA,3,0,1,0,10,12
2020,25,5648,0,NA,0,0,NA,0,0,0,0,12,8
2020,26,5882,0,NA,0,3,NA,0,0,0,0,12,7
2020,27,6459,0,NA,0,0,NA,0,1,0,0,9,5
2020,28,6587,0,NA,0,1,NA,1,0,0,0,7,6
2020,29,6434,0,NA,0,0,NA,0,0,0,0,11,12
2020,30,6302,0,NA,0,2,NA,0,0,0,0,7,4
2020,31,6314,0,NA,0,0,NA,0,0,0,0,3,5
2020,32,6516,0,NA,0,0,NA,0,0,0,0,7,4
2020,33,6253,0,NA,0,0,NA,1,0,0,0,4,5
2020,34,6459,0,NA,0,0,NA,0,0,0,0,6,8
2020,35,8800,0,NA,0,0,NA,0,0,0,0,7,13
2020,36,9120,0,NA,0,2,NA,1,0,0,0,9,7
2020,37,7218,0,NA,1,0,NA,0,0,0,0,8,6
2020,38,8300,0,NA,0,1,NA,0,0,0,0,15,18
2020,39,11820,0,NA,0,1,NA,0,0,0,0,12,9
2020,40,23825,0,NA,0,3,NA,2,0,0,0,22,23
2020,41,27162,3,NA,2,3,NA,5,0,1,0,38,34
2020,42,26512,0,NA,1,4,NA,5,0,0,0,32,31
2020,43,32355,1,NA,1,11,NA,4,0,0,0,34,25
2020,44,40976,0,NA,1,7,NA,13,0,1,2,30,35
2020,45,53687,0,NA,1,6,NA,9,0,0,0,38,34
2020,46,60672,3,NA,4,6,NA,5,0,0,1,45,50
2020,47,58002,0,NA,3,0,NA,2,0,0,2,37,58
2020,48,46506,2,NA,0,6,NA,2,0,1,0,27,39
2020,49,60210,0,NA,0,5,NA,4,0,2,3,36,74
2020,50,58278,3,NA,3,8,NA,1,0,2,0,40,79
2020,51,56096,0,NA,0,5,NA,4,0,0,0,41,85
2020,52,48785,0,NA,0,2,NA,2,0,0,0,36,69
2020,53,51753,1,NA,2,6,NA,3,0,0,0,43,76
2021,1,62535,0,NA,2,6,NA,3,0,1,0,36,99
2021,2,57507,0,NA,1,4,NA,3,1,1,0,30,52
2021,3,52902,0,NA,1,2,NA,1,0,0,0,24,63
2021,4,49673,1,NA,0,2,NA,1,0,0,0,15,51
2021,5,52853,0,NA,0,4,NA,3,0,0,0,25,56
2021,6,51235,0,NA,0,2,NA,1,0,1,0,13,37
2021,7,45839,0,NA,0,3,NA,1,0,0,1,22,24
2021,8,50937,1,NA,1,1,NA,5,0,0,0,20,30
2021,9,48995,0,NA,0,2,NA,0,0,0,0,16,17
2021,10,51129,1,NA,0,1,NA,1,0,1,0,17,23
2021,11,49302,0,NA,1,4,NA,2,0,0,0,31,21
2021,12,50703,0,NA,0,1,NA,0,0,0,0,14,17
2021,13,45775,0,NA,0,5,NA,1,0,0,0,18,10
2021,14,45671,1,NA,0,0,NA,0,0,0,0,11,14
2021,15,45781,1,NA,1,3,NA,2,0,0,0,13,15
2021,16,42965,0,NA,0,0,NA,1,0,0,0,12,17
2021,17,44048,0,NA,0,1,NA,0,0,0,0,17,10
2021,18,40979,0,NA,0,0,NA,0,0,1,0,10,16
2021,19,38431,0,NA,0,0,NA,0,0,0,0,17,13
2021,20,38481,0,NA,0,1,NA,0,0,5,0,24,25
2021,21,33444,0,NA,0,0,NA,0,0,0,0,14,23
2021,22,30684,1,NA,0,2,NA,1,0,0,0,10,16
2021,23,30885,0,NA,0,2,NA,0,0,0,0,10,18
2021,24,30011,0,NA,1,0,NA,0,0,0,0,18,12
2021,25,28656,1,NA,0,0,NA,0,0,1,0,13,18
2021,26,30037,0,NA,0,1,NA,0,0,0,0,4,13
2021,27,31751,1,NA,1,2,NA,1,0,0,0,9,10
2021,28,35189,0,NA,3,3,NA,1,0,1,0,17,19
2021,29,36268,0,NA,2,0,NA,0,0,0,0,7,13
2021,30,39541,1,NA,1,1,NA,0,0,0,0,14,12
2021,31,42408,0,NA,2,3,NA,0,0,0,0,19,18
2021,32,51293,0,NA,1,2,NA,0,1,0,0,12,11
2021,33,55198,0,NA,3,2,NA,1,0,0,0,19,11
2021,34,64227,1,NA,0,5,NA,3,0,0,0,19,14
2021,35,66096,1,NA,0,2,NA,1,0,1,0,25,15
2021,36,57876,0,NA,0,6,NA,1,0,0,0,17,10
2021,37,64719,1,NA,6,3,NA,0,0,4,0,21,18
2021,38,60515,3,NA,22,6,NA,0,0,0,0,43,17
2021,39,62328,0,NA,38,2,NA,1,0,1,1,69,26
2021,40,69405,1,NA,86,5,NA,4,0,3,0,133,44
2021,41,65563,0,NA,93,2,NA,8,1,2,0,120,42
2021,42,73707,0,NA,52,3,NA,4,0,3,0,81,46
2021,43,76873,0,NA,50,7,NA,3,0,8,0,156,44
2021,44,81250,0,NA,183,11,NA,1,0,4,0,318,42
2021,45,86362,0,NA,213,48,NA,3,0,1,0,570,40
2021,46,96876,2,NA,452,77,NA,5,0,4,1,1218,55
2021,47,88510,1,NA,526,60,NA,4,0,2,0,1872,45
2021,48,110790,1,NA,836,136,NA,4,0,3,0,3368,78
2021,49,127744,0,NA,952,241,NA,1,0,2,0,5106,54
2021,50,141001,0,NA,1097,316,NA,4,0,0,0,8094,65
2021,51,160092,0,NA,1022,287,NA,3,0,0,0,8549,81
2021,52,190747,0,NA,1016,506,NA,6,0,0,0,7610,115
2022,1,217186,0,NA,814,344,NA,8,0,0,0,4764,76
2022,2,196092,0,NA,635,393,NA,2,0,0,0,3628,74
2022,3,156664,0,NA,529,202,NA,1,0,0,0,2921,73
2022,4,127998,0,NA,403,189,NA,5,0,2,0,2314,53
2022,5,96589,0,NA,387,121,NA,3,0,1,0,2078,45
2022,6,91492,0,NA,488,147,NA,2,0,0,0,2490,49
2022,7,85820,1,NA,408,162,NA,1,0,1,0,3096,67
2022,8,79283,0,NA,371,128,NA,2,0,0,0,3312,35
2022,9,78761,1,NA,476,135,NA,2,0,1,0,4224,46
2022,10,77982,0,NA,489,109,NA,0,0,1,0,4804,55
2022,11,76472,3,NA,474,131,NA,0,0,0,0,5559,52
2022,12,80961,0,NA,603,98,NA,1,0,0,0,6184,37
2022,13,80235,0,NA,666,114,NA,1,0,1,0,6344,117
2022,14,84017,0,NA,615,97,NA,1,0,1,0,7372,36
2022,15,83426,0,NA,689,119,NA,4,0,0,0,7652,30
2022,16,86069,3,NA,703,125,NA,3,0,0,0,7134,55
2022,17,91755,3,NA,696,99,NA,1,0,0,0,7033,44
2022,18,95357,3,NA,741,92,NA,1,0,0,0,7538,52
2022,19,99961,1,NA,647,170,NA,3,0,0,0,6904,66
2022,20,100403,4,NA,623,149,NA,1,0,0,0,5835,28
2022,21,97945,1,NA,512,114,NA,1,0,0,0,5383,40
2022,22,92315,1,NA,472,101,NA,1,0,0,0,4359,47
2022,23,90143,0,NA,349,75,NA,2,0,0,0,2875,36
2022,24,85377,0,NA,307,46,NA,3,0,0,0,1953,45
2022,25,83596,0,NA,168,29,NA,1,0,0,0,1281,41
2022,26,83640,1,NA,76,25,NA,1,0,0,0,882,38
2022,27,82859,0,NA,85,12,NA,1,0,0,0,690,31
2022,28,81660,0,NA,115,11,NA,1,0,0,0,564,51
2022,29,83348,1,NA,42,9,NA,4,0,0,0,400,42
2022,30,79396,0,NA,31,15,NA,3,0,0,0,314,34
2022,31,73603,2,NA,39,16,NA,2,3,0,0,300,31
2022,32,67559,1,NA,84,7,NA,2,0,0,0,316,29
2022,33,74372,6,NA,67,7,NA,1,0,1,0,303,36
2022,34,76104,11,NA,77,7,NA,0,0,2,0,395,43
2022,35,76467,8,NA,71,8,NA,3,0,1,0,422,39
2022,36,71325,8,NA,72,11,NA,0,1,0,0,520,22
2022,37,73860,5,NA,68,8,NA,5,0,0,0,583,39
2022,38,78121,17,NA,110,10,NA,7,0,3,0,912,70
2022,39,76341,25,NA,112,18,NA,3,0,1,0,1423,85
2022,40,84551,37,NA,234,18,NA,3,0,5,0,2270,112
2022,41,93415,65,NA,352,22,NA,2,0,4,0,3395,92
2022,42,98697,101,NA,406,58,NA,4,0,6,0,5351,116
2022,43,112887,174,NA,481,176,NA,1,0,0,0,9580,101
2022,44,112135,108,NA,325,267,NA,5,0,0,0,13786,97
