year,week,rsv_week_ending_date,n_rsv,n_rsv_tests,n_influenza_tests,n_a_2009_h1n1,n_a_h1,n_a_h3,n_a_subtyping_not_performed,n_a_unable_to_subtype,n_b,n_h3n2v,n_b_vic,n_b_yam,n_total_a,n_total_b
2010,27,2010-07-10,36,2512,1636,1,0,4,0,0,0,0,NA,NA,5,0
2010,28,2010-07-17,34,2679,1620,2,0,7,0,0,2,0,NA,NA,9,2
2010,29,2010-07-24,61,2491,1606,3,0,2,0,0,3,0,NA,NA,5,3
2010,30,2010-07-31,42,2407,1686,1,0,13,4,0,5,0,NA,NA,18,5
2010,31,2010-08-07,40,2122,1520,4,0,9,2,0,1,0,NA,NA,15,1
2010,32,2010-08-14,58,2840,1676,7,0,10,2,0,10,0,NA,NA,19,10
2010,33,2010-08-21,57,3051,1790,5,0,11,0,0,3,0,NA,NA,16,3
2010,34,2010-08-28,55,3169,1967,10,0,18,6,0,6,0,NA,NA,34,6
2010,35,2010-09-04,68,3683,2212,7,0,14,3,0,4,0,NA,NA,24,4
2010,36,2010-09-11,96,4307,2336,9,0,16,7,0,4,0,NA,NA,32,4
2010,37,2010-09-18,98,4674,2698,5,1,31,7,0,6,0,NA,NA,44,6
2010,38,2010-09-25,143,5247,2960,0,0,30,9,0,9,0,NA,NA,39,9
2010,39,2010-10-02,157,5113,2988,2,0,20,8,0,10,0,NA,NA,30,10
2010,40,2010-10-09,258,5604,3600,7,0,18,29,0,23,0,NA,NA,54,23
2010,41,2010-10-16,294,6163,4006,13,0,36,43,0,36,0,NA,NA,92,36
2010,42,2010-10-23,366,6437,4112,8,0,35,51,0,45,0,NA,NA,94,45
2010,43,2010-10-30,388,6592,4240,13,0,56,45,0,52,0,NA,NA,114,52
2010,44,2010-11-06,526,7236,4608,12,0,61,68,0,106,0,NA,NA,141,106
2010,45,2010-11-13,592,7877,5377,15,0,79,93,0,163,0,NA,NA,187,163
2010,46,2010-11-20,760,8505,5578,23,0,123,104,0,237,0,NA,NA,250,237
2010,47,2010-11-27,983,8344,5533,11,0,155,156,0,265,0,NA,NA,322,265
2010,48,2010-12-04,1075,9220,5975,35,0,176,126,0,260,0,NA,NA,337,260
2010,49,2010-12-11,1350,10145,6361,48,0,359,126,0,310,0,NA,NA,533,310
2010,50,2010-12-18,1787,11690,7692,83,0,551,274,0,542,0,NA,NA,908,542
2010,51,2010-12-25,2191,12103,8172,112,0,789,456,0,689,0,NA,NA,1357,689
2011,1,2011-01-08,3180,15301,10441,346,0,1159,551,0,572,0,NA,NA,2056,572
2011,2,2011-01-15,2979,14488,10190,557,0,1216,626,0,585,0,NA,NA,2399,585
2011,3,2011-01-22,3574,16487,11067,832,0,1437,700,0,741,0,NA,NA,2969,741
2011,4,2011-01-29,4107,18080,12950,1074,0,1524,877,0,972,0,NA,NA,3475,972
2011,5,2011-02-05,3938,17371,13875,1231,0,1481,1073,0,1127,0,NA,NA,3785,1127
2011,6,2011-02-12,4491,19197,14647,1267,0,1488,1145,0,1177,0,NA,NA,3900,1177
2011,7,2011-02-19,4359,19966,16401,1432,0,1570,1360,0,1354,0,NA,NA,4362,1354
2011,8,2011-02-26,4230,19341,15033,1170,0,1235,1048,0,1204,0,NA,NA,3453,1204
2011,9,2011-03-05,3808,17657,12990,954,0,997,738,0,884,0,NA,NA,2689,884
2011,10,2011-03-12,3087,17093,11625,714,0,858,503,0,691,0,NA,NA,2075,691
2011,11,2011-03-19,2571,15660,9860,457,0,609,371,0,563,0,NA,NA,1437,563
2011,12,2011-03-26,1879,13588,8443,264,0,426,265,0,406,0,NA,NA,955,406
2011,13,2011-04-02,1432,11950,7107,168,0,283,166,0,293,0,NA,NA,617,293
2011,14,2011-04-09,1079,10935,6481,87,0,208,87,0,254,0,NA,NA,382,254
2011,15,2011-04-16,782,9940,5615,46,0,141,54,0,159,0,NA,NA,241,159
2011,16,2011-04-23,594,8380,4642,30,0,60,29,0,86,0,NA,NA,119,86
2011,17,2011-04-30,436,7648,3976,10,0,28,32,0,63,0,NA,NA,70,63
2011,18,2011-05-07,329,6857,3611,11,0,23,10,0,25,0,NA,NA,44,25
2011,19,2011-05-14,220,6168,3271,2,0,11,8,0,15,0,NA,NA,21,15
2011,20,2011-05-21,201,5685,3079,3,0,6,4,0,13,0,NA,NA,13,13
2011,21,2011-05-28,140,5237,2705,3,0,4,6,0,5,0,NA,NA,13,5
2011,22,2011-06-04,91,4674,2442,2,0,0,5,0,6,0,NA,NA,7,6
2011,23,2011-06-11,96,4321,2259,0,0,0,2,0,4,0,NA,NA,2,4
2011,24,2011-06-18,75,3853,2109,2,0,1,6,0,0,0,NA,NA,9,0
2011,25,2011-06-25,69,3411,1967,0,0,0,2,0,3,0,NA,NA,2,3
2011,26,2011-07-02,43,3158,1560,2,0,0,1,0,1,0,NA,NA,3,1
2011,27,2011-07-09,34,2734,1498,2,0,1,1,0,1,0,NA,NA,4,1
2011,28,2011-07-16,40,2787,1500,0,0,4,1,0,4,0,NA,NA,5,4
2011,29,2011-07-23,43,2721,1500,0,0,4,1,0,5,0,NA,NA,5,5
2011,30,2011-07-30,49,2484,1307,0,0,1,2,0,1,0,NA,NA,3,1
2011,31,2011-08-06,38,2410,1428,3,0,2,3,0,3,0,NA,NA,8,3
2011,32,2011-08-13,64,2709,1433,1,0,3,7,0,2,0,NA,NA,11,2
2011,33,2011-08-20,80,2815,1506,2,0,5,5,1,3,0,NA,NA,13,3
2011,34,2011-08-27,77,3104,1705,0,0,5,6,0,6,0,NA,NA,11,6
2011,35,2011-09-03,99,3523,1925,2,0,3,9,0,1,0,NA,NA,14,1
2011,36,2011-09-10,124,3892,2056,1,0,3,7,0,2,0,NA,NA,11,2
2011,37,2011-09-17,112,4236,2326,0,0,6,11,0,4,0,NA,NA,17,4
2011,38,2011-09-24,163,4996,2612,0,0,5,8,0,8,0,NA,NA,13,8
2011,39,2011-10-01,202,5329,2920,1,0,18,10,0,6,0,NA,NA,29,6
2011,40,2011-10-08,195,5787,3192,3,0,14,7,0,9,0,NA,NA,24,9
2011,41,2011-10-15,250,5999,3316,0,0,9,2,0,8,0,NA,NA,11,8
2011,42,2011-10-22,321,6371,3425,2,0,10,8,0,8,0,NA,NA,20,8
2011,43,2011-10-29,345,6864,3749,0,0,12,20,0,12,0,NA,NA,32,12
2011,44,2011-11-05,446,7372,4075,1,0,17,12,0,9,0,NA,NA,30,9
2011,45,2011-11-12,549,8079,4326,2,0,15,17,0,15,0,NA,NA,34,15
2011,46,2011-11-19,695,8521,4580,0,0,15,17,0,12,0,NA,NA,32,12
2011,47,2011-11-26,902,7938,4108,3,0,23,30,0,19,0,NA,NA,56,19
2011,48,2011-12-03,1177,9306,4669,2,0,32,21,0,17,0,NA,NA,55,17
2011,49,2011-12-10,1260,9027,4710,5,0,38,45,0,20,0,NA,NA,88,20
2011,50,2011-12-17,1795,10211,4906,4,0,78,31,0,20,0,NA,NA,113,20
2011,51,2011-12-24,2152,10805,5151,7,0,104,62,0,24,0,NA,NA,173,24
2011,52,2011-01-01,3069,14737,5470,4,0,107,53,0,18,0,NA,NA,164,18
2011,52,2011-12-31,2767,12028,5470,4,0,107,53,0,18,0,NA,NA,164,18
2012,1,2012-01-07,2767,12248,5690,16,0,101,44,0,22,0,NA,NA,161,22
2012,2,2012-01-14,2418,11541,5341,31,0,142,47,0,15,0,NA,NA,220,15
2012,3,2012-01-21,2588,11839,5364,50,0,195,57,0,18,0,NA,NA,302,18
2012,4,2012-01-28,2896,12240,5840,84,0,257,100,0,32,0,NA,NA,441,32
2012,5,2012-02-04,2868,12833,6251,128,0,365,144,0,43,0,NA,NA,637,43
2012,6,2012-02-11,3029,13374,6413,167,0,419,167,0,56,0,NA,NA,753,56
2012,7,2012-02-18,2945,13507,7298,233,0,508,271,0,71,0,NA,NA,1012,71
2012,8,2012-02-25,2876,13909,7596,319,0,690,356,0,78,0,NA,NA,1365,78
2012,9,2012-03-03,2756,13614,8485,488,0,988,433,0,112,0,NA,NA,1909,112
2012,10,2012-03-10,2329,13161,8459,538,0,1232,491,0,123,0,NA,NA,2261,123
2012,11,2012-03-17,2144,12917,8822,599,0,1396,516,0,199,0,NA,NA,2511,199
2012,12,2012-03-24,1611,11563,7974,445,0,1086,427,0,237,0,NA,NA,1958,237
2012,13,2012-03-31,1286,10449,7450,311,0,719,332,0,244,0,NA,NA,1362,244
2012,14,2012-04-07,1013,9813,6695,266,0,629,308,0,275,0,NA,NA,1203,275
2012,15,2012-04-14,737,8954,6304,188,0,591,212,0,298,0,NA,NA,991,298
2012,16,2012-04-21,657,8430,5689,119,0,540,201,0,314,0,NA,NA,860,314
2012,17,2012-04-28,420,7677,4980,74,0,361,151,0,274,0,NA,NA,586,274
2012,18,2012-05-05,293,6605,4522,53,0,299,119,0,252,0,NA,NA,471,252
2012,19,2012-05-12,269,5943,4061,33,0,229,88,0,266,0,NA,NA,350,266
2012,20,2012-05-19,206,5711,3811,23,0,162,69,0,254,0,NA,NA,254,254
2012,21,2012-05-26,188,5539,3729,11,0,76,69,0,260,0,NA,NA,156,260
2012,22,2012-06-02,163,4726,3347,3,0,78,56,0,228,0,NA,NA,137,228
2012,23,2012-06-09,125,4711,3055,7,0,45,44,0,197,0,NA,NA,96,197
2012,24,2012-06-16,93,4324,2898,2,0,52,56,0,179,0,NA,NA,110,179
2012,25,2012-06-23,91,4050,2529,2,0,36,30,0,103,0,NA,NA,68,103
2012,26,2012-06-30,75,3458,2255,0,0,17,22,0,113,0,NA,NA,39,113
2012,27,2012-07-07,67,3117,1970,1,0,15,18,0,59,0,NA,NA,34,59
2012,28,2012-07-14,69,3240,2052,4,0,33,15,0,41,1,NA,NA,52,41
2012,29,2012-07-21,73,3293,2100,0,0,18,11,0,48,0,NA,NA,29,48
2012,30,2012-07-28,69,3254,2048,2,0,49,13,0,32,9,NA,NA,64,32
2012,31,2012-08-04,86,2894,2161,1,0,65,11,0,33,95,NA,NA,77,33
2012,32,2012-08-11,116,3589,2294,1,0,62,12,0,25,73,NA,NA,75,25
2012,33,2012-08-18,118,3842,2501,6,0,69,14,0,27,52,NA,NA,89,27
2012,34,2012-08-25,145,4116,2705,6,0,48,21,0,23,15,NA,NA,75,23
2012,35,2012-09-01,172,4481,2746,1,0,37,15,0,19,12,NA,NA,53,19
2012,36,2012-09-08,249,4977,2914,1,0,34,17,0,32,5,NA,NA,52,32
2012,37,2012-09-15,199,5640,3280,0,0,16,11,0,44,2,NA,NA,27,44
2012,38,2012-09-22,216,6094,3501,5,0,43,18,0,42,0,NA,NA,66,42
2012,39,2012-09-29,299,6749,3649,7,0,42,18,0,64,0,NA,NA,67,64
2012,40,2012-10-06,381,6989,4513,9,0,73,11,0,78,0,NA,NA,93,78
2012,41,2012-10-13,391,7377,4914,7,0,67,24,0,95,0,NA,NA,98,95
2012,42,2012-10-20,537,7922,5249,4,0,131,48,0,122,0,NA,NA,183,122
2012,43,2012-10-27,704,8277,5306,3,0,152,52,0,141,0,NA,NA,207,141
2012,44,2012-11-03,873,8552,5406,4,0,188,79,0,154,0,NA,NA,271,154
2012,45,2012-11-10,1184,9732,6446,5,0,277,116,0,231,0,NA,NA,398,231
2012,46,2012-11-17,1372,10532,6721,8,0,404,217,0,267,2,NA,NA,629,267
2012,47,2012-11-24,1836,11043,7433,7,0,591,407,0,364,0,NA,NA,1005,364
2012,48,2012-12-01,2167,13257,9333,19,0,1022,545,0,503,0,NA,NA,1586,503
2012,49,2012-12-08,2702,15300,12060,39,0,1787,1003,0,693,0,NA,NA,2829,693
2012,50,2012-12-15,3640,18219,14711,53,0,2662,1226,0,856,0,NA,NA,3941,856
2012,51,2012-12-22,4503,21509,16904,55,0,3703,1419,0,1154,0,NA,NA,5177,1154
2012,52,2012-12-29,4911,23486,18139,88,0,3825,1758,0,1199,0,NA,NA,5671,1199
2013,1,2013-01-05,5368,25832,19673,95,0,3723,1980,0,1146,0,NA,NA,5798,1146
2013,2,2013-01-12,4866,27756,22224,126,0,4073,2166,0,1237,0,NA,NA,6365,1237
2013,3,2013-01-19,4827,25923,20931,127,0,3232,1892,0,1142,0,NA,NA,5251,1142
2013,4,2013-01-26,4517,24001,18668,145,0,2527,1660,0,1189,0,NA,NA,4332,1189
2013,5,2013-02-02,4323,21992,16228,143,0,1952,1051,0,1158,0,NA,NA,3146,1158
2013,6,2013-02-09,4133,20508,14491,121,0,1205,780,0,1188,0,NA,NA,2106,1188
2013,7,2013-02-16,3659,18761,12691,78,0,844,534,0,1194,0,NA,NA,1456,1194
2013,8,2013-02-23,3108,17650,11354,78,0,575,397,0,1225,0,NA,NA,1050,1225
2013,9,2013-03-02,2515,16296,10504,60,0,417,309,0,1181,0,NA,NA,786,1181
2013,10,2013-03-09,2057,15073,10165,70,0,330,217,0,1204,0,NA,NA,617,1204
2013,11,2013-03-16,1666,14339,9559,49,0,212,201,0,1155,0,NA,NA,462,1155
2013,12,2013-03-23,1302,13185,8647,36,0,179,144,0,1017,0,NA,NA,359,1017
2013,13,2013-03-30,1036,11899,7722,41,0,124,98,0,853,0,NA,NA,263,853
2013,14,2013-04-06,807,10994,6782,30,0,121,107,0,687,0,NA,NA,258,687
2013,15,2013-04-13,584,9633,6198,48,0,69,65,0,489,0,NA,NA,182,489
2013,16,2013-04-20,503,8967,5575,30,0,79,47,0,332,0,NA,NA,156,332
2013,17,2013-04-27,325,7949,5095,34,0,60,48,0,249,0,NA,NA,142,249
2013,18,2013-05-04,273,7611,4919,18,0,55,29,0,222,0,NA,NA,102,222
2013,19,2013-05-11,227,7149,4473,13,0,36,27,0,166,0,NA,NA,76,166
2013,20,2013-05-18,166,6333,4102,11,0,24,22,0,126,0,NA,NA,57,126
2013,21,2013-05-25,139,5816,4097,15,0,21,20,0,123,0,NA,NA,56,123
2013,22,2013-06-01,115,5415,3587,14,0,14,28,0,95,0,NA,NA,56,95
2013,23,2013-06-08,118,5012,3576,14,0,13,29,0,82,0,NA,NA,56,82
2013,24,2013-06-15,121,4725,3254,21,0,12,32,0,63,0,NA,NA,65,63
2013,25,2013-06-22,83,4311,3227,29,0,12,31,0,55,2,NA,NA,72,55
2013,26,2013-06-29,66,3984,2999,34,0,5,24,0,28,6,NA,NA,63,28
2013,27,2013-07-06,52,2577,2579,17,0,14,24,0,25,4,NA,NA,55,25
2013,28,2013-07-13,46,2580,2653,23,0,30,33,0,14,0,NA,NA,86,14
2013,29,2013-07-20,51,2459,2504,21,0,13,25,0,14,1,NA,NA,59,14
2013,30,2013-07-27,62,2443,2316,20,0,11,26,0,10,1,NA,NA,57,10
2013,31,2013-08-03,66,2478,2549,23,0,14,30,0,20,2,NA,NA,67,20
2013,32,2013-08-10,54,2481,2494,28,0,11,27,0,12,0,NA,NA,66,12
2013,33,2013-08-17,50,2510,2304,16,0,3,33,0,12,0,NA,NA,52,12
2013,34,2013-08-24,78,2569,2560,12,0,4,40,0,3,1,NA,NA,56,3
2013,35,2013-08-31,94,2919,3006,42,0,4,66,0,10,1,NA,NA,112,10
2013,36,2013-09-07,113,3340,3148,25,0,6,71,0,13,0,NA,NA,102,13
2013,37,2013-09-14,112,3313,3602,49,0,7,59,0,7,0,NA,NA,115,7
2013,38,2013-09-21,154,3727,3888,38,0,8,56,0,22,0,NA,NA,102,22
2013,39,2013-09-28,145,3956,4596,55,0,11,102,0,20,0,NA,NA,168,20
2013,40,2013-10-05,184,4300,4911,69,0,13,83,0,28,1,NA,NA,165,28
2013,41,2013-10-12,249,4810,5808,57,0,24,116,0,32,0,NA,NA,197,32
2013,42,2013-10-19,310,5478,5801,49,0,16,94,0,26,0,NA,NA,159,26
2013,43,2013-10-26,417,5557,5886,73,0,21,100,0,14,0,NA,NA,194,14
2013,44,2013-11-02,459,6035,6316,88,0,26,136,0,43,0,NA,NA,250,43
2013,45,2013-11-09,582,6600,6945,157,0,29,171,0,43,0,NA,NA,357,43
2013,46,2013-11-16,734,6933,7203,272,0,21,188,0,37,0,NA,NA,481,37
2013,47,2013-11-23,887,7230,7839,425,0,22,213,0,57,0,NA,NA,660,57
2013,48,2013-11-30,955,7147,7433,496,0,29,331,0,42,0,NA,NA,856,42
2013,49,2013-12-07,1282,8863,10169,1023,0,34,593,0,69,0,NA,NA,1650,69
2013,50,2013-12-14,1364,9306,10837,1324,0,56,821,0,52,0,NA,NA,2201,52
2013,51,2013-12-21,1718,10752,14015,2231,0,51,1606,0,67,0,NA,NA,3888,67
2013,52,2013-12-28,2054,11375,15748,3004,0,47,1749,0,93,0,NA,NA,4800,93
2014,1,2014-01-04,2278,13545,17779,3477,0,84,1538,0,88,0,NA,NA,5099,88
2014,2,2014-01-11,1902,13579,18253,3544,0,106,1316,0,91,0,NA,NA,4966,91
2014,3,2014-01-18,1810,13119,17480,3263,0,126,1160,0,131,0,NA,NA,4549,131
2014,4,2014-01-25,1827,12578,16468,2643,0,132,1042,0,185,0,NA,NA,3817,185
2014,5,2014-02-01,1757,11793,14618,1945,0,94,776,0,175,0,NA,NA,2815,175
2014,6,2014-02-08,1629,10785,12995,1571,0,130,557,0,219,0,NA,NA,2258,219
2014,7,2014-02-15,1574,10336,11892,1133,0,102,489,0,227,0,NA,NA,1724,227
2014,8,2014-02-22,1534,9889,11127,840,0,93,337,0,248,0,NA,NA,1270,248
2014,9,2014-03-01,1368,9227,10252,581,0,102,261,0,274,0,NA,NA,944,274
2014,10,2014-03-08,1219,8882,9441,413,0,102,207,0,301,0,NA,NA,722,301
2014,11,2014-03-15,1012,8742,8922,351,0,138,163,0,334,0,NA,NA,652,334
2014,12,2014-03-22,889,8264,8216,212,0,164,190,0,464,0,NA,NA,566,464
2014,13,2014-03-29,703,7928,7905,156,0,184,188,0,525,0,NA,NA,528,525
2014,14,2014-04-05,486,7397,7531,116,0,236,146,0,595,0,NA,NA,498,595
2014,15,2014-04-12,417,7135,7179,55,0,227,168,0,624,0,NA,NA,450,624
2014,16,2014-04-19,350,6522,6648,36,0,222,138,0,516,0,NA,NA,396,516
2014,17,2014-04-26,268,6088,6317,35,0,191,129,0,469,0,NA,NA,355,469
2014,18,2014-05-03,179,5911,5865,13,0,151,131,0,447,0,NA,NA,295,447
2014,19,2014-05-10,157,5422,5436,9,0,130,104,0,354,0,NA,NA,243,354
2014,20,2014-05-17,110,4999,5315,8,0,119,102,0,322,0,NA,NA,229,322
2014,21,2014-05-24,100,4814,4833,4,0,105,62,0,236,0,NA,NA,171,236
2014,22,2014-05-31,66,4667,4757,3,0,115,80,0,225,0,NA,NA,198,225
2014,23,2014-06-07,51,4240,4310,3,0,97,51,0,160,0,NA,NA,151,160
2014,24,2014-06-14,54,4012,4140,3,0,101,50,0,140,0,NA,NA,154,140
2014,25,2014-06-21,47,4926,3877,3,0,69,43,0,113,0,NA,NA,115,113
2014,26,2014-06-28,39,4251,3434,1,0,45,28,0,100,0,NA,NA,74,100
2014,27,2014-07-05,52,4612,3144,2,0,47,26,0,83,0,NA,NA,75,83
2014,28,2014-07-12,53,4811,3057,3,0,55,29,0,66,0,NA,NA,87,66
2014,29,2014-07-19,53,4626,3188,0,0,41,19,0,61,0,NA,NA,60,61
2014,30,2014-07-26,71,5059,3127,2,0,37,28,0,50,0,NA,NA,67,50
2014,31,2014-08-02,60,4049,2939,2,0,53,25,0,27,0,NA,NA,80,27
2014,32,2014-08-09,33,4278,2973,5,0,44,15,0,23,1,NA,NA,64,23
2014,33,2014-08-16,48,5503,3270,1,0,54,21,0,36,0,NA,NA,76,36
2014,34,2014-08-23,48,4274,3339,3,0,45,19,0,42,1,NA,NA,67,42
2014,35,2014-08-30,65,4920,3973,6,0,62,26,0,42,0,NA,NA,94,42
2014,36,2014-09-06,58,5272,4227,7,0,44,32,0,34,0,NA,NA,83,34
2014,37,2014-09-13,96,6588,5324,1,0,66,33,0,31,0,NA,NA,100,31
2014,38,2014-09-20,104,7215,5681,6,0,81,31,0,53,0,NA,NA,118,53
2014,39,2014-09-27,146,7133,5905,1,0,87,51,0,65,0,NA,NA,139,65
2014,40,2014-10-04,183,7294,9567,2,0,100,97,0,110,0,NA,NA,199,110
2014,41,2014-10-11,270,7901,11036,5,0,125,149,0,160,0,NA,NA,279,160
2014,42,2014-10-18,320,8240,11729,7,0,226,186,0,164,1,NA,NA,419,164
2014,43,2014-10-25,375,7849,11385,5,0,212,200,0,127,0,NA,NA,417,127
2014,44,2014-11-01,462,7897,11531,4,0,295,292,0,136,0,NA,NA,591,136
2014,45,2014-11-08,616,8702,12918,6,0,506,489,0,155,0,NA,NA,1001,155
2014,46,2014-11-15,752,9117,13777,8,0,633,629,0,147,0,NA,NA,1270,147
2014,47,2014-11-22,876,9955,16166,5,0,1002,1233,0,163,0,NA,NA,2240,163
2014,48,2014-11-29,1043,10577,18504,8,0,1538,1878,0,200,0,NA,NA,3424,200
2014,49,2014-12-06,1242,12544,23068,13,0,2585,2483,0,249,0,NA,NA,5081,249
2014,50,2014-12-13,1549,14510,29223,6,0,3823,4047,0,315,0,NA,NA,7876,315
2014,51,2014-12-20,1901,16820,37114,4,0,4978,6163,0,325,0,NA,NA,11145,325
2014,52,2014-12-27,2501,18293,42518,10,0,5549,7847,0,392,0,NA,NA,13406,392
2015,1,2015-01-10,2673,19135,38508,11,0,4908,3955,0,372,0,NA,NA,8874,372
2015,2,2015-01-17,2701,18049,35598,9,0,4586,3580,0,473,0,NA,NA,8175,473
2015,3,2015-01-24,2973,17706,34194,4,0,3918,3513,0,548,0,NA,NA,7435,548
2015,4,2015-01-31,3253,17620,32003,11,0,3475,2789,0,606,0,NA,NA,6275,606
2015,5,2015-02-07,3170,17034,29581,10,0,2719,2170,0,723,0,NA,NA,4899,723
2015,6,2015-02-14,3000,16173,26994,7,0,1746,1575,0,869,0,NA,NA,3328,869
2015,7,2015-02-21,2569,15020,24293,10,0,1242,1108,0,1010,0,NA,NA,2360,1010
2015,8,2015-02-28,2414,13936,22294,18,0,954,740,0,1127,0,NA,NA,1712,1127
2015,9,2015-03-07,1863,12654,20420,5,0,774,558,0,1352,0,NA,NA,1337,1352
2015,10,2015-03-14,1704,12945,19845,8,0,458,405,0,1656,0,NA,NA,871,1656
2015,11,2015-03-21,1362,12066,18419,2,0,340,302,0,1565,0,NA,NA,644,1565
2015,12,2015-03-28,1012,11484,16980,7,0,227,197,0,1479,0,NA,NA,431,1479
2015,13,2015-04-04,790,11229,15125,4,0,168,119,0,1377,0,NA,NA,291,1377
2015,14,2015-04-11,609,10858,14743,8,0,87,107,0,1272,0,NA,NA,202,1272
2015,15,2015-04-18,446,10068,13389,13,0,66,79,0,969,0,NA,NA,158,969
2015,16,2015-04-25,322,9417,11873,2,0,48,40,0,683,0,NA,NA,90,683
2015,17,2015-05-02,286,8551,10770,4,0,26,36,0,544,0,NA,NA,66,544
2015,18,2015-05-09,224,8090,9784,2,0,12,19,0,494,0,NA,NA,33,494
2015,19,2015-05-16,138,7621,9188,2,0,16,26,0,340,0,NA,NA,44,340
2015,20,2015-05-23,117,7029,8412,1,0,21,19,0,267,0,NA,NA,41,267
2015,21,2015-05-30,68,6381,7748,1,0,20,21,0,184,0,NA,NA,42,184
2015,22,2015-06-06,64,5845,6993,0,0,20,22,0,152,0,NA,NA,42,152
2015,23,2015-06-13,59,5624,6725,1,0,20,28,0,129,0,NA,NA,49,129
2015,24,2015-06-20,46,5267,6133,2,0,50,22,0,78,0,NA,NA,74,78
2015,25,2015-06-27,54,4853,5558,0,0,51,24,0,46,0,NA,NA,75,46
2015,26,2015-07-04,58,4795,5248,2,0,59,35,0,33,0,NA,NA,96,33
2015,27,2015-07-11,53,5006,5260,4,0,40,18,0,36,1,NA,NA,62,36
2015,28,2015-07-18,53,4554,5039,3,0,35,11,0,37,0,NA,NA,49,37
2015,29,2015-07-25,51,4768,4811,2,0,31,19,0,21,0,NA,NA,52,21
2015,30,2015-08-01,63,4615,4785,0,0,44,20,0,9,0,NA,NA,64,9
2015,31,2015-08-08,54,4659,4790,4,0,50,21,0,18,0,NA,NA,75,18
2015,32,2015-08-15,87,4697,4910,3,0,34,30,0,14,0,NA,NA,67,14
2015,33,2015-08-22,77,5093,5170,2,0,55,25,0,16,0,NA,NA,82,16
2015,34,2015-08-29,89,5312,5381,3,0,44,33,0,20,0,NA,NA,80,20
2015,35,2015-09-05,99,6003,6115,3,0,64,43,0,29,0,NA,NA,110,29
2015,36,2015-09-12,140,6707,6786,1,0,74,35,0,38,0,NA,NA,110,38
2015,37,2015-09-19,178,6948,7694,4,0,91,56,0,47,0,NA,NA,151,47
2015,38,2015-09-26,190,7574,8855,1,0,58,62,0,46,0,NA,NA,121,46
2015,39,2015-10-03,215,8393,9876,7,0,77,59,0,59,0,NA,NA,143,59
2015,40,2015-10-10,325,10093,13168,4,NA,65,2,NA,10,0,0,1,155,54
2015,41,2015-10-17,374,10751,14263,5,NA,41,2,NA,7,0,3,0,164,64
2015,42,2015-10-24,419,11231,14639,10,NA,50,1,NA,8,0,3,2,158,65
2015,43,2015-10-31,473,11259,14781,9,NA,31,4,NA,9,0,1,4,142,66
2015,44,2015-11-07,546,11973,16152,4,NA,23,4,NA,9,0,1,4,128,82
2015,45,2015-11-14,642,12382,16441,11,NA,34,1,NA,10,0,4,2,168,102
2015,46,2015-11-21,736,12832,16708,17,NA,42,1,NA,4,0,0,4,144,106
2015,47,2015-11-28,1080,12761,16391,17,NA,24,0,NA,4,0,3,9,160,108
2015,48,2015-12-05,1185,13940,17751,27,NA,36,3,NA,9,0,3,12,211,105
2015,49,2015-12-12,1472,14251,18191,38,NA,37,3,NA,11,0,2,11,218,130
2015,50,2015-12-19,1933,14973,18833,69,NA,39,0,NA,10,0,4,19,352,225
2015,51,2015-12-26,2309,14937,18123,89,NA,33,1,NA,12,0,3,28,343,209
2015,53,2015-01-03,3079,19557,NA,NA,NA,NA,NA,NA,NA,NA,NA,NA,NA,NA
2016,1,2016-01-09,2616,17673,21627,232,NA,68,2,NA,14,0,12,52,698,262
2016,2,2016-01-16,2550,18567,20437,256,NA,89,5,NA,47,0,23,60,921,354
2016,3,2016-01-23,2859,17509,20744,361,NA,100,13,NA,45,0,25,83,1190,468
2016,4,2016-01-30,2972,18557,23359,526,NA,160,15,NA,97,0,28,104,1736,641
2016,5,2016-02-06,3161,19855,24988,672,NA,171,13,NA,98,0,62,143,2428,890
2016,6,2016-02-13,3013,21754,28136,891,NA,236,17,NA,161,0,71,206,3409,1302
2016,7,2016-02-20,3063,23336,31106,1340,NA,256,19,NA,179,0,103,309,4750,1683
2016,8,2016-02-27,2924,25563,35517,1672,NA,232,28,NA,215,0,156,383,6342,2030
2016,9,2016-03-05,2683,25953,38567,1886,NA,313,32,NA,211,0,143,347,7754,2330
2016,10,2016-03-12,2296,27949,41876,2173,NA,313,47,NA,246,0,162,333,9212,2759
2016,11,2016-03-19,1897,26184,38344,1514,NA,213,24,NA,185,0,154,278,6798,2407
2016,12,2016-03-26,1418,23435,33518,1058,NA,198,19,NA,185,0,117,207,5194,2161
2016,13,2016-04-02,1077,21183,30674,807,NA,180,33,NA,208,0,127,211,3985,2060
2016,14,2016-04-09,837,18468,26382,534,NA,135,33,NA,173,0,106,163,2673,1832
2016,15,2016-04-16,645,17043,23773,383,NA,117,16,NA,148,0,88,162,2022,1762
2016,16,2016-04-23,475,16009,21676,276,NA,127,16,NA,158,0,86,163,1542,1736
2016,17,2016-04-30,389,14419,19461,167,NA,98,5,NA,94,0,78,119,971,1434
2016,18,2016-05-07,231,12197,16505,77,NA,59,2,NA,80,0,53,82,565,1037
2016,19,2016-05-14,191,10935,15109,53,NA,62,2,NA,53,0,36,71,397,822
2016,20,2016-05-21,161,9857,13361,35,NA,77,4,NA,44,0,14,50,340,613
2016,21,2016-05-28,121,9146,12230,16,NA,44,2,NA,30,0,22,32,201,492
2016,22,2016-06-04,124,8370,10549,4,NA,13,1,NA,24,0,14,35,100,299
2016,23,2016-06-11,88,7650,9636,5,NA,15,1,NA,14,0,6,17,91,244
2016,24,2016-06-18,65,7236,8788,7,NA,18,0,NA,6,0,6,10,84,116
2016,25,2016-06-25,48,6786,7737,5,NA,22,0,NA,10,0,9,11,71,113
2016,26,2016-07-02,50,5389,6623,3,NA,18,3,NA,4,0,6,9,50,70
2016,27,2016-07-09,53,5785,6249,2,NA,18,0,NA,5,0,5,9,44,49
2016,28,2016-07-16,62,6048,6619,1,NA,21,1,NA,3,0,2,11,47,47
2016,29,2016-07-23,52,5471,6185,2,NA,18,1,NA,4,0,0,10,45,40
2016,30,2016-07-30,52,5390,6054,2,NA,38,0,NA,2,1,2,10,61,39
2016,31,2016-08-06,67,5446,6026,1,NA,45,2,NA,0,3,1,4,84,25
2016,32,2016-08-13,70,5642,6124,6,NA,28,0,NA,1,10,3,12,66,46
2016,33,2016-08-20,75,5909,6350,1,NA,29,0,NA,3,4,1,7,61,32
2016,34,2016-08-27,94,6497,6628,5,NA,28,0,NA,2,0,2,6,96,35
2016,35,2016-09-03,128,7257,7501,7,NA,33,0,NA,5,0,4,2,118,52
2016,36,2016-09-10,152,7377,8132,3,NA,45,0,NA,6,0,1,3,105,66
2016,37,2016-09-17,175,8591,9280,8,NA,55,2,NA,10,0,4,6,139,78
2016,38,2016-09-24,234,9319,10040,6,NA,77,0,NA,8,0,3,5,180,83
2016,39,2016-10-01,319,10103,11292,5,NA,73,1,NA,5,0,11,0,185,99
2016,40,2016-10-08,444,10819,14278,9,NA,87,0,NA,1,0,5,4,216,100
2016,41,2016-10-15,430,11305,15023,11,NA,81,0,NA,3,0,7,6,200,99
2016,42,2016-10-22,558,11769,16250,12,NA,134,2,NA,1,0,8,10,263,116
2016,43,2016-10-29,598,12166,16480,13,NA,130,1,NA,6,0,3,3,287,100
2016,44,2016-11-05,866,13058,17948,12,NA,122,3,NA,3,0,10,7,338,138
2016,45,2016-11-12,992,14197,19086,5,NA,155,1,NA,5,0,6,1,432,133
2016,46,2016-11-19,1336,15265,20411,9,NA,189,2,NA,13,0,7,1,547,165
2016,47,2016-11-26,1407,14169,19618,5,NA,164,14,NA,10,0,4,3,634,186
2016,48,2016-12-03,1983,17224,23255,13,NA,318,11,NA,18,0,17,5,874,223
2016,49,2016-12-10,2164,17644,22444,14,NA,479,3,NA,3,0,20,7,1192,210
2016,50,2016-12-17,2855,19623,25720,18,NA,750,9,NA,16,0,27,18,2136,271
2016,51,2016-12-24,3518,20846,29439,29,NA,1016,11,NA,16,0,38,28,3619,423
2016,52,2016-01-02,2772,16481,36560,32,NA,1676,31,NA,13,0,59,37,6009,497
2016,52,2016-12-31,4447,24875,36560,32,NA,1676,31,NA,13,0,59,37,6009,497
2017,1,2017-01-07,4848,27644,38960,53,NA,2067,13,NA,19,0,47,60,6421,512
2017,2,2017-01-14,4009,27214,39546,49,NA,2210,30,NA,25,0,49,76,7224,626
2017,3,2017-01-21,4150,27367,41010,57,NA,2253,24,NA,26,0,69,104,8396,854
2017,4,2017-01-28,4415,28354,42620,47,NA,2431,29,NA,30,0,71,123,8761,1021
2017,5,2017-02-04,3889,28490,46521,51,NA,2596,30,NA,50,0,96,182,10456,1425
2017,6,2017-02-11,4009,30859,53516,71,NA,2975,23,NA,47,0,126,240,12771,2303
2017,7,2017-02-18,3463,30769,54691,68,NA,2617,17,NA,104,0,152,300,12248,3108
2017,8,2017-02-25,2928,28952,52446,87,NA,2364,12,NA,89,0,159,357,11226,3557
2017,9,2017-03-04,2302,25051,44426,54,NA,1492,13,NA,102,0,149,358,7164,2998
2017,10,2017-03-11,1829,23892,42112,50,NA,1256,15,NA,107,0,138,389,5953,3419
2017,11,2017-03-18,1490,22315,39836,28,NA,909,11,NA,124,0,141,440,4743,3876
2017,12,2017-03-25,1115,21368,38400,31,NA,843,4,NA,124,0,193,523,4099,4555
2017,13,2017-04-01,841,19714,35530,27,NA,655,3,NA,218,0,143,576,3030,4595
2017,14,2017-04-08,707,18641,31021,17,NA,374,4,NA,133,0,117,450,1838,3686
2017,15,2017-04-15,550,16951,26720,5,NA,221,1,NA,81,0,66,383,1129,2813
2017,16,2017-04-22,413,15229,23640,11,NA,144,2,NA,81,0,54,250,724,1960
2017,17,2017-04-29,281,13925,20099,7,NA,133,2,NA,49,0,51,181,468,1227
2017,18,2017-05-06,195,12335,17267,5,NA,83,2,NA,41,0,31,131,342,911
2017,19,2017-05-13,184,11526,16191,3,NA,97,2,NA,36,0,38,117,334,775
2017,20,2017-05-20,138,11177,15080,5,NA,63,1,NA,33,0,33,114,285,659
2017,21,2017-05-27,112,9846,13461,6,NA,41,0,NA,23,0,26,80,227,507
2017,22,2017-06-03,117,8868,12194,1,NA,39,0,NA,17,0,51,60,211,442
2017,23,2017-06-10,93,8421,11119,5,NA,33,0,NA,19,0,22,63,174,329
2017,24,2017-06-17,101,7700,9966,8,NA,43,1,NA,9,0,11,45,183,227
2017,25,2017-06-24,80,7294,8843,5,NA,40,0,NA,8,0,11,31,152,167
2017,26,2017-07-01,80,5761,7859,5,NA,39,1,NA,7,0,4,21,139,128
2017,27,2017-07-08,88,5690,7366,10,NA,29,0,NA,4,0,7,7,114,97
2017,28,2017-07-15,97,5901,7741,4,NA,31,0,NA,11,2,5,9,129,93
2017,29,2017-07-22,122,5763,7532,8,NA,26,0,NA,9,9,0,7,130,61
2017,30,2017-07-29,107,5589,7122,7,NA,31,4,NA,3,0,1,21,114,75
2017,31,2017-08-05,124,5533,7110,8,NA,41,0,NA,3,5,0,8,150,46
2017,32,2017-08-12,120,5571,7266,6,NA,42,1,NA,7,1,0,20,126,82
2017,33,2017-08-19,159,6272,7949,5,NA,32,3,NA,1,0,0,9,102,50
2017,34,2017-08-26,163,6704,8570,6,NA,54,2,NA,10,0,1,9,142,57
2017,35,2017-09-02,194,7410,9890,18,NA,64,1,NA,7,0,0,0,203,69
2017,36,2017-09-09,231,8019,10850,12,NA,105,2,NA,3,0,0,13,247,84
2017,37,2017-09-16,210,9627,12321,8,NA,109,0,NA,14,0,2,17,265,105
2017,38,2017-09-23,243,10288,13529,2,NA,101,3,NA,10,17,1,18,260,104
2017,39,2017-09-30,300,10960,14583,10,NA,119,1,NA,3,24,0,10,309,90
2017,40,2017-10-07,425,12172,16573,13,NA,123,3,NA,5,1,0,16,370,133
2017,41,2017-10-14,484,12575,17636,14,NA,143,8,NA,6,0,4,13,413,121
2017,42,2017-10-21,617,13281,19061,14,NA,173,0,NA,2,0,1,11,465,124
2017,43,2017-10-28,791,14241,19864,26,NA,180,24,NA,13,0,1,21,570,170
2017,44,2017-11-04,1000,14685,21606,24,NA,249,15,NA,17,0,3,36,791,275
2017,45,2017-11-11,1434,16273,23440,29,NA,315,1,NA,12,0,4,33,1034,289
2017,46,2017-11-18,1852,17587,25670,56,NA,405,2,NA,29,0,5,61,1402,417
2017,47,2017-11-25,2031,16461,25441,41,NA,490,2,NA,10,0,5,60,1869,428
2017,48,2017-12-02,2396,19351,29582,61,NA,787,11,NA,20,1,8,108,2412,572
2017,49,2017-12-09,2939,21675,33552,72,NA,1055,4,NA,31,0,16,103,3610,977
2017,50,2017-12-16,3060,22277,38752,137,NA,1515,11,NA,39,0,36,174,6223,1093
2017,51,2017-12-23,3975,29129,52824,240,NA,2491,19,NA,78,0,39,258,11987,2073
2017,52,2017-12-30,4640,34139,60942,279,NA,2984,29,NA,100,0,35,372,15294,2599
2018,1,2018-01-06,4599,37510,67726,320,NA,3295,39,NA,165,0,45,463,16672,3208
2018,2,2018-01-13,4454,39332,75195,393,NA,3336,70,NA,163,0,42,534,18948,3985
2018,3,2018-01-20,4434,38484,75417,406,NA,2727,50,NA,189,0,47,536,17965,4677
2018,4,2018-01-27,4750,41755,87245,540,NA,2749,38,NA,231,0,58,718,19961,6357
2018,5,2018-02-03,4731,42558,88743,542,NA,2494,41,NA,306,0,91,804,18270,8116
2018,6,2018-02-10,4414,42373,87883,544,NA,2040,32,NA,329,0,113,931,16732,9231
2018,7,2018-02-17,4049,39439,80481,495,NA,1511,24,NA,251,0,115,931,13401,9507
2018,8,2018-02-24,3329,34607,64580,306,NA,1073,19,NA,245,0,116,891,8575,7652
2018,9,2018-03-03,2837,29824,52069,246,NA,588,12,NA,204,0,88,699,5251,5550
2018,10,2018-03-10,2217,26122,44035,144,NA,411,25,NA,172,0,88,646,3477,4440
2018,11,2018-03-17,1882,23787,39323,188,NA,277,25,NA,174,0,70,542,2839,4170
2018,12,2018-03-24,1543,21641,35690,120,NA,234,10,NA,129,0,52,467,2387,3751
2018,13,2018-03-31,1298,20351,32633,132,NA,220,8,NA,107,0,62,455,2068,3551
2018,14,2018-04-07,1025,18840,29245,120,NA,163,7,NA,72,0,54,405,1422,2868
2018,15,2018-04-14,806,17379,26533,101,NA,102,2,NA,54,0,40,297,1106,2308
2018,16,2018-04-21,596,15326,22657,51,NA,86,0,NA,45,0,43,211,732,1723
2018,17,2018-04-28,476,14435,20356,56,NA,53,1,NA,53,0,28,138,582,1293
2018,18,2018-05-05,357,12688,17926,40,NA,31,2,NA,23,0,14,137,419,898
2018,19,2018-05-12,267,11205,15577,16,NA,20,0,NA,8,0,6,68,227,549
2018,20,2018-05-19,233,9896,13477,16,NA,10,0,NA,10,0,6,27,202,279
2018,21,2018-05-26,141,9223,12143,18,NA,6,0,NA,8,0,4,20,143,195
2018,22,2018-06-02,139,8400,11054,8,NA,5,0,NA,2,0,2,11,89,104
2018,23,2018-06-09,138,7979,9989,7,NA,3,0,NA,3,0,3,9,83,95
2018,24,2018-06-16,109,7431,9212,6,NA,3,0,NA,2,0,3,8,60,78
2018,25,2018-06-23,111,7084,8715,1,NA,3,0,NA,0,1,3,6,54,47
2018,26,2018-06-30,99,6415,7920,2,NA,6,0,NA,0,0,0,1,65,30
2018,27,2018-07-07,95,5939,7010,9,NA,5,0,NA,1,0,0,6,58,32
2018,28,2018-07-14,80,6076,7162,8,NA,9,0,NA,1,0,2,3,68,19
2018,29,2018-07-21,99,5950,7009,15,NA,5,0,NA,3,0,2,4,77,24
2018,30,2018-07-28,109,5810,6976,9,NA,3,4,NA,0,0,2,0,64,21
2018,31,2018-08-04,104,5482,6477,7,NA,10,3,NA,0,0,0,1,63,18
2018,32,2018-08-11,106,5935,6954,6,NA,8,5,NA,1,0,0,2,62,25
2018,33,2018-08-18,114,6113,7246,5,NA,9,6,NA,1,0,0,2,56,21
2018,34,2018-08-25,150,6633,8042,17,NA,20,6,NA,1,0,0,1,120,29
2018,35,2018-09-01,196,7304,8970,10,NA,6,0,NA,0,0,0,2,114,35
2018,36,2018-09-08,172,7824,10137,17,NA,17,0,NA,1,0,0,1,153,54
2018,37,2018-09-15,259,9334,12476,29,NA,14,0,NA,0,0,1,5,198,54
2018,38,2018-09-22,298,10214,13717,22,NA,17,2,NA,2,0,1,2,199,71
2018,39,2018-09-29,339,11699,15324,20,NA,13,0,NA,0,0,0,3,202,55
2018,40,2018-10-06,444,12946,17329,29,NA,11,8,NA,0,0,7,11,266,89
2018,41,2018-10-13,646,13688,18953,52,NA,11,8,NA,5,0,3,5,294,96
2018,42,2018-10-20,780,14941,21331,52,NA,22,13,NA,1,0,2,14,399,108
2018,43,2018-10-27,962,15975,22570,76,NA,35,3,NA,3,0,0,13,454,117
2018,44,2018-11-03,1263,17228,23743,84,NA,23,3,NA,1,0,1,8,500,109
2018,45,2018-11-10,1496,17543,24902,117,NA,27,15,NA,5,0,4,7,705,114
2018,46,2018-11-17,1852,18473,25945,148,NA,41,12,NA,0,0,2,3,869,111
2018,47,2018-11-24,2204,18627,25901,215,NA,54,10,NA,1,0,2,5,1176,84
2018,48,2018-12-01,2594,20591,30032,326,NA,64,12,NA,1,0,2,10,1404,120
2018,49,2018-12-08,2891,20630,30806,361,NA,90,14,NA,7,0,3,7,2125,169
2018,50,2018-12-15,3431,23531,35352,675,NA,166,20,NA,3,0,7,6,4103,210
2018,51,2018-12-22,4221,26408,41097,1115,NA,248,79,NA,9,0,20,8,6731,229
2018,52,2018-12-29,4588,28533,45945,1243,NA,274,113,NA,7,0,19,9,8479,279
2019,1,2019-01-05,4834,30369,47354,1182,NA,305,162,NA,6,0,8,17,6892,184
2019,2,2019-01-12,4024,28697,44893,1430,NA,233,100,NA,12,0,4,20,6838,254
2019,3,2019-01-19,3833,28030,45371,1475,NA,367,120,NA,9,0,17,16,8635,229
2019,4,2019-01-26,3771,30833,47747,1549,NA,513,117,NA,19,0,19,9,10502,294
2019,5,2019-02-02,3679,31152,52806,1678,NA,807,74,NA,11,0,25,18,13235,346
2019,6,2019-02-09,3575,33791,58925,1878,NA,1201,77,NA,18,0,18,11,16307,476
2019,7,2019-02-16,3152,31093,58042,1703,NA,1305,63,NA,23,0,29,18,16425,585
2019,8,2019-02-23,2944,31764,58848,1481,NA,1501,79,NA,57,0,28,12,16769,575
2019,9,2019-03-02,2556,31823,58209,1377,NA,1783,83,NA,38,0,34,10,16679,523
2019,10,2019-03-09,2244,32047,58090,1292,NA,1829,70,NA,57,0,42,27,16390,564
2019,11,2019-03-16,2083,32836,57885,1051,NA,1826,48,NA,51,0,56,31,16301,707
2019,12,2019-03-23,1772,31181,52587,745,NA,1402,27,NA,75,0,50,19,12510,767
2019,13,2019-03-30,1452,27985,45852,472,NA,1110,30,NA,105,0,66,25,9284,794
2019,14,2019-04-06,1016,24167,39381,336,NA,887,21,NA,96,0,70,20,6136,783
2019,15,2019-04-13,761,21059,33865,217,NA,660,9,NA,79,0,58,18,4097,722
2019,16,2019-04-20,643,19640,29493,130,NA,354,7,NA,25,0,50,19,2384,612
2019,17,2019-04-27,506,18030,25962,88,NA,218,4,NA,67,0,39,14,1341,533
2019,18,2019-05-04,371,16015,21210,65,NA,158,6,NA,13,0,40,11,863,402
2019,19,2019-05-11,268,14181,18582,45,NA,94,14,NA,22,0,41,9,557,349
2019,20,2019-05-18,215,13398,17801,43,NA,82,3,NA,11,0,40,7,461,327
2019,21,2019-05-25,212,12380,16227,29,NA,67,4,NA,3,0,27,3,376,293
2019,22,2019-06-01,178,11460,14942,23,NA,55,4,NA,20,0,25,11,294,287
2019,23,2019-06-08,105,9474,13119,25,NA,54,4,NA,19,0,32,1,227,260
2019,24,2019-06-15,96,8588,11838,21,NA,57,7,NA,6,0,19,2,214,162
2019,25,2019-06-22,99,8123,10857,19,NA,52,2,NA,9,0,13,0,182,112
2019,26,2019-06-29,94,7594,9519,21,NA,48,2,NA,4,0,12,3,164,116
2019,27,2019-07-06,138,7653,9215,29,NA,41,3,NA,3,0,13,1,202,103
2019,28,2019-07-13,131,7830,9476,10,NA,42,1,NA,2,0,9,1,155,93
2019,29,2019-07-20,130,7322,8662,12,NA,55,4,NA,1,0,10,0,176,91
2019,30,2019-07-27,93,6891,8247,19,NA,29,2,NA,3,0,11,0,154,99
2019,31,2019-08-03,122,6956,8217,14,NA,30,2,NA,1,0,10,2,150,98
2019,32,2019-08-10,111,7147,8375,7,NA,33,0,NA,1,0,16,0,119,104
2019,33,2019-08-17,150,7365,8654,20,NA,34,3,NA,0,0,38,0,135,133
2019,34,2019-08-24,175,7482,9248,19,NA,38,1,NA,2,0,32,0,152,150
2019,35,2019-08-31,175,8609,10877,14,NA,34,4,NA,6,0,29,0,194,256
2019,36,2019-09-07,213,9640,12269,16,NA,54,9,NA,1,0,29,1,215,261
2019,37,2019-09-14,231,11196,13961,12,NA,69,14,NA,2,0,44,2,247,228
2019,38,2019-09-21,270,11746,15825,27,NA,59,10,NA,5,0,46,0,258,304
2019,39,2019-09-28,368,12984,18147,18,NA,60,18,NA,7,0,49,0,249,379
2019,40,2019-10-05,608,15146,20838,25,NA,57,21,NA,7,0,56,1,239,188
2019,41,2019-10-12,596,16696,23214,33,NA,64,22,NA,7,0,70,2,265,260
2019,42,2019-10-19,754,17689,24387,36,NA,82,24,NA,13,0,77,3,314,280
2019,43,2019-10-26,1154,17824,26124,53,NA,78,48,NA,20,0,96,5,380,475
2019,44,2019-11-02,1490,19126,27014,52,NA,61,83,NA,39,0,120,5,417,720
2019,45,2019-11-09,2008,21507,31189,122,NA,74,205,NA,74,0,234,10,815,1393
2019,46,2019-11-16,2719,22704,33647,149,NA,58,146,NA,89,0,330,10,888,2018
2019,47,2019-11-23,3407,25354,39305,258,NA,78,173,NA,173,0,423,10,1412,3187
2019,48,2019-11-30,4251,25058,37757,369,NA,83,92,NA,141,0,500,10,1623,3444
2019,49,2019-12-07,4764,28898,45188,513,NA,83,86,NA,195,0,657,14,2108,4327
2019,50,2019-12-14,4770,30144,48415,620,NA,78,41,NA,311,0,807,15,2897,6230
2019,51,2019-12-21,5614,34861,58494,915,NA,52,52,NA,276,0,1110,16,4716,9981
2019,52,2019-12-28,6147,38488,68238,1210,NA,88,27,NA,348,0,1326,24,7305,12962
2020,1,2020-01-04,6325,40434,69417,1262,NA,101,45,NA,189,0,1275,23,7053,11151
2020,2,2020-01-11,4923,37605,65248,1338,NA,86,34,NA,223,0,1145,20,7567,9316
2020,3,2020-01-18,4529,37303,65248,1598,NA,73,56,NA,252,0,1244,12,9439,9528
2020,4,2020-01-25,4219,39374,69502,1769,NA,79,37,NA,256,0,1137,8,11363,10165
2020,5,2020-02-01,3866,41456,78348,2366,NA,92,50,NA,309,0,1073,8,14610,11061
2020,6,2020-02-08,3525,41746,77533,2355,NA,91,64,NA,288,0,875,5,15470,9955
2020,7,2020-02-15,3107,40751,74292,2052,NA,65,129,NA,280,0,744,10,15618,8214
2020,8,2020-02-22,2608,37952,69556,1752,NA,76,119,NA,169,0,564,9,14661,6497
2020,9,2020-02-29,2307,37897,66399,1667,NA,63,50,NA,141,0,454,8,13493,4966
2020,10,2020-03-07,2132,40119,68305,1612,NA,73,65,NA,132,0,352,8,12800,3870
2020,11,2020-03-14,2069,49351,78031,1138,NA,74,52,NA,93,0,197,3,10341,2983
2020,12,2020-03-21,1799,54868,75955,444,NA,30,23,NA,50,0,77,1,4628,1480
2020,13,2020-03-28,897,35781,46904,100,NA,7,8,NA,34,0,20,2,874,336
2020,14,2020-04-04,334,23185,32317,37,NA,1,4,NA,7,0,5,0,238,134
2020,15,2020-04-11,141,15139,20596,28,NA,0,3,NA,4,0,0,0,106,50
2020,16,2020-04-18,82,11978,15330,19,NA,0,0,NA,3,0,2,0,77,37
2020,17,2020-04-25,53,10414,13648,26,NA,0,0,NA,4,0,0,0,46,12
2020,18,2020-05-02,40,8823,11018,23,NA,0,1,NA,2,0,1,0,43,11
2020,19,2020-05-09,19,7597,9552,26,NA,1,0,NA,2,0,0,0,41,17
2020,20,2020-05-16,14,7129,8532,24,NA,0,0,NA,3,0,0,0,38,13
2020,21,2020-05-23,13,6632,8078,0,NA,0,1,NA,0,0,0,0,9,8
2020,22,2020-05-30,14,5623,6587,2,NA,0,1,NA,1,0,0,0,10,4
2020,23,2020-06-06,9,5563,6543,0,NA,0,0,NA,2,0,0,0,9,14
2020,24,2020-06-13,14,5432,6069,1,NA,0,1,NA,3,0,1,0,10,12
2020,25,2020-06-20,24,5209,5648,0,NA,0,0,NA,0,0,0,0,12,8
2020,26,2020-06-27,8,5193,5882,0,NA,0,3,NA,0,0,0,0,12,7
